Plot Number,Plant Number,Genotype,Stem Diameter,Tap Root dimeter,Overall,Nodule Size,Nodule Density,Number Adv/Up Roots,Lateral Root Denisty Adv/Up,Angle 1 Adv/Up,Angle 2 Adv/Up,Angle 3 Adv/Up,Angle 4 Adv/Up,Angle 5 Adv/Up,Number Lower Roots,Lateral Root Denisty Lower,Angle 1 Lower,Angle 2 Lower,Angle 3 Lower,Angle 4 Lower,Angle 5 Lower
1001,1,11,10,8,2,3,3,5,11,0,20,40,50,30,30,21,10,0,0,20,0
1001,2,11,8,5,2,4,3,3,4,0,10,0,na,na,19,10,0,0,0,20,20
1001,3,11,10,9,2,3,3,2,7,0,0,na,na,na,34,9,30,30,20,10,30
1001,4,11,12,11,1,3,1,4,7,30,20,0,0,na,31,22,0,0,10,10,30
1001,5,11,16,15,2,3,2,0,na,na,na,na,na,na,32,24,0,10,0,0,30
1002,1,1,4,3,2,4,3,0,na,na,na,na,na,na,42,14,20,30,0,0,0
1002,2,1,4,2,1,2,1,0,na,na,na,na,na,na,24,8,0,0,0,0,15
1002,3,1,12,5,3,3,3,0,na,na,na,na,na,na,34,21,0,20,20,20,20
1002,4,1,10,9,3,3,1,0,na,na,na,na,na,na,35,16,20,20,10,0,0
1002,5,1,9,8,2,4,3,0,na,na,na,na,na,na,35,13,0,30,0,20,0
1003,1,17,15,12,4,4,3,6,14,0,0,30,0,0,32,22,40,0,10,30,30
1003,2,17,14,11,3,3,3,0,na,na,na,na,na,na,30,14,0,20,0,0,0
1003,3,17,18,15,3,4,3,9,13,0,20,5,0,0,16,22,30,20,10,0,0
1003,4,17,12,10,3,4,4,0,na,na,na,na,na,na,34,20,20,0,0,20,20
1003,5,17,15,10,4,3,3,0,na,na,na,na,na,na,32,0,0,20,0,10,0
1004,1,13,12,10,2,3,2,0,na,na,na,na,na,na,27,16,0,20,20,10,30
1004,2,13,13,10,3,4,3,1,15,30,na,na,na,na,23,18,20,20,0,20,20
1004,3,13,14,10,2,4,3,0,na,na,na,na,na,na,20,22,0,0,10,0,35
1004,4,13,15,10,3,4,3,0,na,na,na,na,na,na,23,13,0,0,20,20,0
1004,5,13,17,13,2,4,2,0,na,na,na,na,na,na,20,18,0,30,0,30,20
1005,1,21,15,12,2,4,3,0,na,na,na,na,na,na,24,18,0,20,0,25,0
1005,2,21,14,11,2,3,3,4,14,5,10,10,0,na,14,18,10,0,20,10,10
1005,3,21,17,12,1,3,1,0,na,na,na,na,na,na,11,19,20,10,20,20,10
1005,4,21,18,11,3,3,2,4,9,0,0,0,0,na,18,19,0,20,20,10,15
1005,5,21,14,10,2,4,3,1,3,10,na,na,na,na,13,16,0,30,35,70,0
1006,1,15,13,10,2,4,3,2,7,40,30,na,na,na,20,16,10,20,15,0,0
1006,2,15,15,13,3,4,4,1,4,10,na,na,na,na,32,12,20,20,20,15,10
1006,3,15,16,12,3,4,3,0,na,na,na,na,na,na,26,13,0,0,0,10,10
1006,4,15,15,10,2,4,3,2,3,0,0,na,na,na,19,10,10,20,0,0,5
1006,5,15,13,12,2,3,2,0,na,na,na,na,na,na,25,17,0,10,20,0,0
1007,1,3,10,8,2,3,2,0,na,na,na,na,na,na,22,12,0,0,5,20,10
1007,2,3,9,10,4,3,3,0,na,na,na,na,na,na,30,16,20,25,10,10,0
1007,3,3,13,11,2,4,2,4,11,0,0,10,5,na,19,10,0,0,5,10,15
1007,4,3,11,9,1,3,2,2,2,10,10,na,na,na,24,14,0,10,10,15,20
1007,5,3,8,10,1,3,1,0,na,na,na,na,na,na,16,14,5,10,5,0,5
1008,1,8,8,12,3,3,3,1,12,0,na,na,na,na,19,9,0,10,10,20,30
1008,2,8,8,6,3,3,4,0,na,na,na,na,na,na,24,16,10,10,15,15,5
1008,3,8,8,11,2,3,2,0,na,na,na,na,na,na,25,18,5,20,30,20,25
1008,4,8,9,7,2,3,2,1,20,0,na,na,na,na,14,18,5,0,20,20,20
1008,5,8,12,7,2,2,2,0,na,na,na,na,na,na,9,10,0,0,50,50,40
1009,1,5,7,5,2,2,1,0,na,na,na,na,na,na,10,16,30,0,5,50,40
1009,2,5,10,8,1,3,1,0,na,na,na,na,na,na,20,10,10,5,20,0,5
1009,3,5,10,10,2,4,1,2,14,0,0,na,na,na,15,12,0,5,5,15,40
1009,4,5,9,8,1,3,2,0,na,na,na,na,na,na,17,14,5,20,15,20,30
1009,5,5,8,10,1,3,2,0,na,na,na,na,na,na,13,12,10,20,15,20,20
1010,1,10,11,8,3,3,3,1,8,0,na,na,na,na,16,10,20,20,0,20,10
1010,2,10,10,9,3,3,3,0,na,na,na,na,na,na,22,14,15,0,10,10,20
1010,3,10,9,6,3,3,3,0,na,na,na,na,na,na,12,14,0,0,10,5,10
1010,4,10,8,6,3,3,4,1,9,10,na,na,na,na,14,16,10,10,20,10,30
1010,5,10,11,9,4,3,3,5,16,0,0,5,0,0,10,18,10,30,25,0,20
1011,1,24,9,4,1,4,4,2,8,30,20,na,na,na,9,10,45,65,50,50,40
1011,2,24,5,5,1,3,2,0,na,na,na,na,na,na,12,6,20,10,20,45,35
1011,3,24,6,10,1,3,2,3,10,10,15,10,na,na,10,12,50,50,30,30,50
1011,4,24,11,8,1,3,1,0,na,na,na,na,na,na,8,12,0,50,30,5,40
1011,5,24,6,5,1,2,1,0,na,na,na,na,na,na,7,12,20,0,20,60,50
1012,1,16,5,7,1,2,1,0,na,na,na,na,na,na,18,18,10,5,20,25,30
1012,2,16,11,9,3,3,4,1,8,0,na,na,na,na,13,10,50,30,20,60,60
1012,3,16,7,4,2,3,2,0,na,na,na,na,na,na,10,16,10,10,60,60,40
1012,4,16,10,6,3,4,4,2,10,0,0,na,na,na,17,20,50,50,20,20,20
1012,5,16,9,7,3,4,4,0,na,na,na,na,na,na,16,12,0,10,0,5,10
1013,1,20,9,5,2,2,2,5,16,0,5,10,0,5,10,12,20,30,40,35,40
1013,2,20,8,7,2,2,3,0,na,na,na,na,na,na,15,16,0,30,20,40,20
1013,3,20,10,7,3,2,2,0,na,na,na,na,na,na,22,16,30,30,0,20,20
1013,4,20,6,4,3,2,3,0,na,na,na,na,na,na,14,18,5,0,10,30,40
1013,5,20,9,7,3,3,3,0,na,na,na,na,na,na,19,18,0,40,40,30,30
1014,1,4,6,6,1,2,2,0,na,na,na,na,na,na,8,20,20,10,30,10,30
1014,2,4,9,5,3,3,4,0,na,na,na,na,na,na,17,20,0,0,40,40,20
1014,3,4,6,6,1,2,2,1,14,5,na,na,na,na,10,12,10,20,30,30,25
1014,4,4,13,9,2,3,1,0,na,na,na,na,na,na,10,18,20,0,30,20,25
1014,5,4,10,8,2,2,3,6,17,0,5,10,5,0,8,10,0,10,20,5,20
1015,1,18,9,4,1,3,1,1,4,50,na,na,na,na,6,10,25,30,50,55,40
1015,2,18,10,8,2,4,3,2,8,30,30,na,na,na,11,14,30,40,30,30,35
1015,3,18,9,5,1,2,1,1,5,30,na,na,na,na,8,6,30,30,40,50,40
1015,4,18,9,5,2,2,2,2,16,20,20,na,na,na,19,14,10,20,40,20,45
1015,5,18,6,5,3,2,2,0,na,na,na,na,na,na,15,12,25,30,35,40,40
1016,1,6,7,4,3,2,1,0,0,na,na,na,na,na,29,10,5,0,5,10,15
1016,2,6,4,4,1,1,1,1,4,0,na,na,na,na,21,12,0,0,40,20,15
1016,3,6,4,5,1,1,1,3,6,0,5,5,na,na,15,7,0,0,5,5,5
1016,4,6,6,7,2,2,2,0,na,na,na,na,na,na,22,7,20,5,5,30,30
1016,5,6,7,7,3,3,3,0,na,na,na,na,na,na,27,14,0,5,5,30,20
1017,1,12,6,6,1,3,1,0,na,na,na,na,na,na,6,7,0,30,25,20,25
1017,2,12,6,5,1,2,1,0,na,na,na,na,na,na,10,6,0,5,20,25,25
1017,3,12,11,7,2,3,2,0,na,na,na,na,na,na,11,8,20,20,25,15,10
1017,4,12,5,3,1,1,1,0,na,na,na,na,na,na,3,6,5,10,30,na,na
1017,5,12,8,4,1,2,1,0,na,na,na,na,na,na,11,8,20,0,25,35,20
1018,1,14,9,7,1,2,1,0,na,na,na,na,na,na,14,15,30,25,0,20,20
1018,2,14,13,10,1,0,0,3,8,0,5,0,na,na,7,12,50,50,50,45,30
1018,3,14,12,10,1,3,1,3,16,0,5,0,na,na,17,16,0,5,25,15,40
1018,4,14,8,5,1,1,1,3,10,20,20,20,na,na,11,13,20,35,30,20,10
1018,5,14,9,1,2,2,2,0,na,na,na,na,na,na,17,12,0,20,0,25,30
1019,1,19,10,8,3,3,3,0,na,na,na,na,na,na,26,14,30,20,10,15,30
1019,2,19,5,3,3,3,2,0,na,na,na,na,na,na,9,10,10,5,20,30,35
1019,3,19,8,6,3,3,4,0,na,na,na,na,na,na,16,10,15,5,30,35,20
1019,4,19,6,5,1,2,1,0,na,na,na,na,na,na,12,8,0,5,20,5,10
1019,5,19,9,5,3,3,3,0,na,na,na,na,na,na,29,10,20,20,30,30,30
1020,1,23,5,3,3,3,4,0,na,na,na,na,na,na,14,10,10,20,30,20,10
1020,2,23,6,3,3,4,2,0,na,na,na,na,na,na,14,14,0,10,30,35,40
1020,3,23,9,6,3,3,2,0,na,na,na,na,na,na,27,20,20,25,10,30,35
1020,4,23,9,6,4,3,3,0,na,na,na,na,na,na,32,22,20,25,40,45,40
1020,5,23,10,5,4,3,3,3,12,20,5,0,na,na,27,16,50,40,45,20,10
1021,1,22,11,10,3,3,4,0,na,na,na,na,na,na,28,19,0,0,10,0,10
1021,2,22,10,9,2,3,1,0,na,na,na,na,na,na,32,15,10,30,20,0,0
1021,3,22,12,10,3,3,2,0,na,na,na,na,na,na,30,20,0,0,10,0,30
1021,4,22,11,8,3,3,3,1,15,10,na,na,na,na,22,18,10,10,0,30,20
1021,5,22,10,7,3,2,3,0,na,na,na,na,na,na,22,14,5,10,0,10,20
1022,1,7,13,10,3,3,2,0,na,na,na,na,na,na,26,20,20,20,0,0,20
1022,2,7,12,10,3,4,3,0,na,na,na,na,na,na,31,17,0,0,20,20,0
1022,3,7,11,8,3,3,2,0,na,na,na,na,na,na,18,17,0,0,10,0,20
1022,4,7,12,5,3,3,1,0,na,na,na,na,na,na,21,18,0,10,0,20,20
1022,5,7,13,5,4,3,4,0,na,na,na,na,na,na,31,18,20,0,10,10,10
1023,1,9,10,5,4,3,4,0,na,na,na,na,na,na,26,29,0,0,10,10,20
1023,2,9,8,5,3,3,4,5,15,0,10,10,20,20,16,18,0,10,40,0,0
1023,3,9,11,4,4,3,4,2,15,10,20,na,na,na,23,19,30,0,10,40,60
1023,4,9,10,8,3,3,4,0,na,na,na,na,na,na,27,14,0,0,0,20,10
1023,5,9,10,7,3,3,4,0,na,na,na,na,na,na,23,22,0,0,20,10,0
1024,1,2,20,15,2,3,1,6,16,40,40,60,70,20,18,13,0,0,0,10,5
1024,2,2,14,10,2,3,2,10,15,0,10,10,0,10,16,16,40,0,10,10,0
1024,3,2,13,8,4,3,3,15,21,0,20,0,0,20,8,15,0,20,30,20,30
1024,4,2,13,10,1,2,1,4,15,0,20,10,10,na,8,20,20,10,30,60,30
1024,5,2,18,10,1,3,1,3,14,10,0,40,na,na,15,11,10,10,0,20,25
2001,1,6,1,3,1,3,2,0,0,na,na,na,na,na,18,8,10,10,15,20,15
2001,2,6,8,7,2,3,2,0,0,na,na,na,na,na,25,7,10,20,30,35,10
2001,3,6,9,5,2,2,1,0,0,na,na,na,na,na,17,8,0,5,25,20,25
2001,4,6,8,5,2,2,1,0,0,na,na,na,na,na,15,6,0,10,20,25,15
2001,5,6,4,4,1,2,1,0,0,na,na,na,na,na,14,5,10,15,30,25,25
2002,1,16,7,4,3,3,4,0,na,na,na,na,na,na,17,8,0,0,0,0,30
2002,2,16,4,3,1,1,1,0,na,na,na,na,na,na,24,5,20,25,20,30,35
2002,3,16,9,5,4,3,4,0,na,na,na,na,na,na,24,8,20,40,25,30,35
2002,4,16,5,4,3,2,2,1,7,15,na,na,na,na,26,10,30,35,10,30,60
2002,5,16,4,3,1,1,1,1,3,0,na,na,na,na,16,4,10,35,65,55,50
2003,1,17,10,4,4,3,3,0,0,na,na,na,na,na,20,10,5,10,15,20,25
2003,2,17,10,8,3,3,2,0,0,na,na,na,na,na,15,7,0,0,10,10,15
2003,3,17,10,8,3,3,2,0,0,na,na,na,na,na,19,8,20,25,30,10,10
2003,4,17,7,6,2,2,1,0,0,na,na,na,na,na,16,8,0,0,10,15,20
2003,5,17,9,6,3,3,2,0,0,na,na,na,na,na,16,8,0,10,10,15,20
2004,1,9,10,5,3,4,3,0,0,na,na,na,na,na,16,8,15,20,15,20,25
2004,2,9,10,5,3,3,3,0,0,na,na,na,na,na,21,7,5,15,15,20,25
2004,3,9,10,6,3,3,3,0,0,na,na,na,na,na,21,8,10,15,20,25,30
2004,4,9,8,5,3,3,2,0,0,na,na,na,na,na,18,10,5,10,15,20,25
2004,5,9,5,4,1,2,2,0,0,na,na,na,na,na,14,6,20,20,25,25,30
2005,1,12,10,6,2,3,1,1,9,0,na,na,na,na,17,7,0,20,5,10,20
2005,2,12,13,7,3,3,2,1,8,0,na,na,na,na,15,7,0,0,5,5,5
2005,3,12,9,5,2,2,1,0,0,na,na,na,na,na,12,7,0,20,25,40,40
2005,4,12,10,8,2,3,1,0,0,na,na,na,na,na,20,7,0,20,20,5,30
2005,5,12,5,3,2,3,1,0,0,na,na,na,na,na,15,7,0,0,10,20,20
2006,1,18,9,6,3,2,2,0,na,na,na,na,na,na,28,7,20,20,20,15,15
2006,2,18,11,12,3,2,3,4,7,0,5,5,5,na,15,7,50,50,40,45,50
2006,3,18,13,5,2,2,1,1,5,30,na,na,na,na,12,7,0,55,60,55,50
2006,4,18,7,4,2,3,2,1,11,30,na,na,na,na,19,11,20,25,50,30,35
2006,5,18,6,3,1,1,1,2,3,5,0,na,na,na,13,8,40,20,20,25,30
2007,1,8,9,8,2,3,2,3,6,0,5,5,na,na,21,8,20,25,30,40,50
2007,2,8,8,6,3,3,6,0,0,5,na,na,na,na,22,7,0,5,5,10,10
2007,3,8,8,7,2,3,2,0,0,na,na,na,na,na,25,8,10,10,40,35,20
2007,4,8,10,9,3,3,3,0,0,na,na,na,na,na,28,10,0,5,15,15,20
2007,5,8,9,7,3,3,2,0,0,na,na,na,na,na,15,8,0,10,15,20,40
2008,1,22,4,3,1,1,1,2,5,0,0,na,na,na,19,6,5,5,10,10,20
2008,2,22,7,4,3,2,1,4,8,0,0,5,5,na,17,6,5,5,10,10,55
2008,3,22,4,4,1,1,1,0,na,na,na,na,na,na,25,8,5,5,5,15,15
2008,4,22,4,3,1,1,1,1,3,0,na,na,na,na,22,12,40,10,45,40,35
2008,5,22,6,4,3,2,2,4,5,15,15,10,10,na,20,11,30,35,40,45,40
2009,1,1,12,4,1,2,2,1,3,0,na,na,na,na,12,5,40,40,45,40,55
2009,2,1,14,9,1,2,2,3,5,30,30,25,na,na,16,6,50,60,65,40,40
2009,3,1,12,6,1,1,1,1,5,0,na,na,na,na,11,6,0,0,5,5,5
2009,4,1,11,5,2,1,1,0,na,na,na,na,na,na,19,7,30,40,10,20,15
2009,5,1,11,6,1,2,2,0,na,na,na,na,na,na,17,6,5,10,15,30,5
2010,1,13,10,9,3,3,3,1,6,0,na,na,na,na,22,8,20,25,30,30,20
2010,2,13,10,9,2,3,1,1,5,10,na,na,na,na,12,6,10,15,20,25,25
2010,3,13,9,8,2,4,1,0,0,na,na,na,na,na,12,5,20,25,20,25,35
2010,4,13,7,5,2,3,2,0,0,na,na,na,na,na,13,7,5,30,35,40,45
2010,5,13,9,7,3,3,3,0,0,na,na,na,na,na,15,5,10,15,20,25,35
2011,1,2,12,6,2,1,1,1,6,40,na,na,na,na,14,6,35,20,40,45,50
2011,2,2,11,6,1,2,2,0,na,na,na,na,na,na,12,12,40,40,30,30,30
2011,3,2,11,6,1,1,1,1,6,40,na,na,na,na,15,9,30,30,20,20,30
2011,4,2,23,11,1,1,1,1,5,20,na,na,na,na,11,7,0,45,0,10,40
2011,5,2,18,6,2,1,1,1,5,0,na,na,na,na,7,3,40,35,40,40,55
2012,1,19,7,6,3,1,1,0,0,na,na,na,na,na,22,8,10,15,20,25,30
2012,2,19,8,6,3,3,3,0,0,na,na,na,na,na,22,8,0,0,10,15,20
2012,3,19,10,9,3,3,3,0,0,na,na,na,na,na,26,12,0,5,10,15,20
2012,4,19,9,8,3,3,2,0,0,na,na,na,na,na,32,8,5,10,15,25,30
2012,5,19,5,4,2,2,1,0,0,na,na,na,na,na,15,10,25,25,30,40,45
2013,1,7,12,6,4,3,3,0,na,na,na,na,na,na,25,14,10,20,25,25,25
2013,2,7,6,4,2,2,2,0,na,na,na,na,na,na,14,8,10,15,15,15,25
2013,3,7,12,4,4,3,4,0,na,na,na,na,na,na,28,22,30,35,35,20,20
2013,4,7,11,6,4,3,3,0,na,na,na,na,na,na,24,7,10,10,15,15,15
2013,5,7,6,3,2,1,1,0,na,na,na,na,na,na,19,6,20,20,15,15,15
2014,1,24,9,5,3,2,1,1,5,20,na,na,na,na,9,8,5,10,15,20,30
2014,2,24,5,4,1,1,1,0,0,na,na,na,na,na,11,5,5,20,25,40,45
2014,3,24,9,5,1,na,0,0,0,na,na,na,na,na,9,5,15,30,35,40,45
2014,4,24,5,3,1,na,0,0,0,na,na,na,na,na,13,6,20,25,25,30,35
2014,5,24,10,8,3,3,2,1,6,20,na,na,na,na,16,4,10,15,20,15,20
2015,1,4,9,6,3,3,3,1,8,0,na,na,na,na,26,8,25,30,35,40,40
2015,2,4,15,7,3,2,3,1,6,10,na,na,na,na,29,8,20,25,30,35,0
2015,3,4,7,4,2,2,1,1,7,5,na,na,na,na,20,8,15,15,40,60,30
2015,4,4,9,6,2,2,2,3,8,30,30,20,na,na,15,8,10,20,20,25,20
2015,5,4,13,8,1,2,1,0,na,na,na,na,na,na,15,6,50,50,0,20,20
2016,1,14,15,4,1,1,1,1,11,30,na,na,na,na,18,11,20,10,10,10,10
2016,2,14,6,4,1,2,1,1,11,20,na,na,na,na,9,7,35,0,40,30,20
2016,3,14,6,4,1,2,4,1,10,10,na,na,na,na,15,6,40,40,40,50,50
2016,4,14,5,4,1,1,1,3,6,5,5,5,na,na,15,7,10,20,30,30,20
2016,5,14,11,6,2,2,3,0,na,na,na,na,na,na,22,7,40,55,40,40,30
2017,1,23,11,4,4,3,3,2,9,0,0,na,na,na,36,11,0,0,5,5,5
2017,2,23,6,4,3,2,1,0,na,na,na,na,na,na,33,9,20,20,25,35,30
2017,3,23,6,4,3,2,1,1,7,5,na,na,na,na,17,7,20,20,25,20,20
2017,4,23,6,4,3,2,3,0,na,na,na,na,na,na,34,10,5,5,15,15,10
2017,5,23,9,4,4,1,1,0,na,na,na,na,na,na,30,9,40,40,40,40,30
2018,1,11,11,6,4,3,3,0,na,na,na,na,na,na,31,9,20,20,25,50,30
2018,2,11,6,4,3,3,3,0,na,na,na,na,na,na,30,14,10,10,15,15,10
2018,3,11,10,6,3,1,1,7,15,na,na,na,na,na,19,8,40,40,30,35,40
2018,4,11,15,6,3,3,1,0,na,na,na,na,na,na,24,8,20,20,20,10,10
2018,5,11,4,3,2,2,1,0,na,na,na,na,na,na,20,10,0,10,10,0,10
2019,1,21,15,12,3,3,3,0,0,na,na,na,na,na,22,8,20,25,35,30,35
2019,2,21,12,10,3,3,2,0,0,na,na,na,na,na,19,7,0,5,10,15,25
2019,3,21,8,3,2,2,1,0,0,na,na,na,na,na,14,5,0,5,5,10,20
2019,4,21,10,7,2,3,1,1,6,5,na,na,na,na,17,6,5,20,30,35,30
2019,5,21,15,11,3,3,2,0,0,na,na,na,na,na,22,8,10,20,20,15,15
2020,1,10,10,4,4,2,3,0,na,na,na,na,na,na,29,19,0,0,5,5,10
2020,2,10,11,6,4,3,4,0,na,na,na,na,na,na,29,24,15,15,20,20,10
2020,3,10,11,6,4,3,2,0,na,na,na,na,na,na,16,26,20,20,20,30,30
2020,4,10,9,4,4,2,4,0,na,na,na,na,na,na,32,18,5,5,5,15,15
2020,5,10,12,9,3,2,2,12,15,25,25,40,45,30,17,9,20,25,20,25,20
2021,1,20,8,6,2,2,1,0,0,na,na,na,na,na,16,8,0,5,10,20,25
2021,2,20,8,7,2,na,0,0,0,na,na,na,na,na,17,7,0,15,15,20,30
2021,3,20,10,8,3,3,2,0,0,na,na,na,na,na,18,8,5,20,20,45,40
2021,4,20,11,10,2,3,2,0,0,na,na,na,na,na,22,7,0,5,10,15,15
2021,5,20,12,10,3,3,3,4,9,0,0,5,5,na,14,10,5,5,30,25,40
2022,1,3,6,4,1,1,1,0,na,na,na,na,na,na,7,9,20,40,45,40,40
2022,2,3,7,6,1,3,2,0,na,na,na,na,na,na,23,9,5,5,10,10,10
2022,3,3,7,6,1,1,1,0,na,na,na,na,na,na,31,11,40,40,55,45,50
2022,4,3,6,5,2,1,1,0,na,na,na,na,na,na,20,8,0,5,5,10,10
2022,5,3,11,12,2,2,2,1,12,0,na,na,na,na,16,11,0,5,5,5,25
2023,1,5,15,10,3,3,3,0,0,na,na,na,na,na,15,6,0,10,20,25,30
2023,2,5,8,7,2,1,1,0,0,na,na,na,na,na,19,7,5,5,10,20,20
2023,3,5,10,10,3,3,2,0,0,na,na,na,na,na,22,10,0,0,20,20,25
2023,4,5,10,9,2,1,1,0,0,na,na,na,na,na,19,11,20,30,30,35,30
2023,5,5,10,9,2,na,0,0,0,na,na,na,na,na,25,9,20,25,10,25,30
2024,1,15,12,6,4,3,3,0,na,na,na,na,na,na,33,24,20,20,0,0,20
2024,2,15,13,6,4,3,3,1,8,0,na,na,na,na,22,11,0,0,5,5,25
2024,3,15,13,9,4,3,3,1,9,0,na,na,na,na,20,9,10,30,40,50,50
2024,4,15,14,7,4,2,2,1,11,15,na,na,na,na,24,13,35,35,45,40,40
2024,5,15,14,9,4,3,3,0,na,na,na,na,na,na,41,9,30,40,40,35,35
3001,1,5,7,4,2,3,3,0,na,na,na,na,na,na,19,12,20,20,30,25,40
3001,2,5,11,8,2,3,2,0,na,na,na,na,na,na,16,18,0,20,5,0,5
3001,3,5,9,8,3,3,3,0,na,na,na,na,na,na,17,14,0,5,0,10,30
3001,4,5,8,5,2,4,3,0,na,na,na,na,na,na,16,10,0,0,0,10,5
3001,5,5,10,9,2,3,2,0,na,na,na,na,na,na,20,8,20,15,10,20,5
3002,1,17,8,5,3,3,1,2,6,20,20,na,na,na,15,12,10,30,10,5,20
3002,2,17,9,8,2,4,3,1,5,0,na,na,na,na,15,14,20,5,0,5,30
3002,3,17,9,6,2,3,3,1,16,0,na,na,na,na,13,10,10,30,50,60,25
3002,4,17,9,5,3,3,2,0,na,na,na,na,na,na,16,16,10,20,30,25,10
3002,5,17,9,4,3,3,3,3,8,0,10,5,na,na,12,10,60,60,30,10,40
3003,1,18,13,6,2,3,2,2,12,40,20,na,na,na,9,10,50,50,45,30,30
3003,2,18,9,6,1,1,1,1,8,0,na,na,na,na,8,5,20,30,50,50,40
3003,3,18,9,7,1,3,2,2,3,20,10,na,na,na,4,8,20,20,30,30,na
3003,4,18,12,7,2,2,2,2,12,30,0,na,na,na,13,8,20,20,10,20,15
3003,5,18,9,5,1,1,1,1,2,30,na,na,na,na,5,14,10,20,30,30,20
3004,1,6,8,5,3,2,2,0,na,na,na,na,na,na,20,14,20,10,25,30,20
3004,2,6,8,7,2,2,2,0,na,na,na,na,na,na,21,12,10,30,40,10,30
3004,3,6,9,5,3,4,4,0,na,na,na,na,na,na,18,14,0,0,5,10,20
3004,4,6,6,4,2,3,2,0,na,na,na,na,na,na,10,10,40,30,30,40,25
3004,5,6,5,4,3,3,3,0,na,na,na,na,na,na,11,14,25,20,10,10,40
3005,1,23,8,7,3,3,3,0,na,na,na,na,na,na,26,12,10,5,0,30,20
3005,2,23,8,8,3,3,2,0,na,na,na,na,na,na,12,14,0,0,5,10,20
3005,3,23,10,9,2,4,2,0,na,na,na,na,na,na,17,10,10,20,0,0,10
3005,4,23,9,5,2,3,2,0,na,na,na,na,na,na,10,10,20,20,5,40,20
3005,5,23,10,7,4,3,2,0,na,na,na,na,na,na,28,12,30,20,10,20,10
3006,1,8,12,7,3,2,2,5,4,0,10,5,10,na,26,12,10,0,20,20,30
3006,2,8,11,8,2,2,2,8,13,40,30,20,30,15,17,14,5,20,15,10,20
3006,3,8,11,4,2,1,1,1,3,5,na,na,na,na,29,9,5,10,10,5,5
3006,4,8,4,5,3,2,3,0,na,na,na,na,na,na,32,7,30,35,40,20,40
3006,5,8,4,4,4,3,3,0,na,na,na,na,na,na,32,9,10,10,5,5,10
3007,1,12,11,10,2,1,1,14,6,0,15,15,20,20,22,14,20,20,25,25,25
3007,2,12,10,8,1,2,1,8,10,15,0,5,5,15,23,16,0,5,20,15,10
3007,3,12,12,11,1,1,1,2,4,15,15,na,na,na,13,14,20,30,35,25,25
3007,4,12,6,4,1,1,1,1,5,0,na,na,na,na,15,5,20,70,65,60,35
3007,5,12,7,6,2,3,2,8,10,5,5,10,10,5,34,15,20,20,10,10,20
3008,1,1,12,8,1,2,1,0,na,na,na,na,na,na,11,14,5,25,20,20,5
3008,2,1,14,8,2,3,3,1,7,20,na,na,na,na,16,18,20,10,20,20,10
3008,3,1,14,9,2,3,1,0,na,na,na,na,na,na,15,14,0,10,10,30,20
3008,4,1,11,7,1,2,1,1,8,0,na,na,na,na,7,12,10,0,50,5,0
3008,5,1,14,10,1,3,2,2,10,30,20,na,na,na,13,12,0,0,20,20,20
3009,1,2,18,10,3,3,2,0,na,na,na,na,na,na,12,10,30,30,10,10,20
3009,2,2,6,4,2,2,1,0,na,na,na,na,na,na,9,10,20,20,10,0,30
3009,3,2,10,5,2,3,2,0,na,na,na,na,na,na,12,16,30,30,40,30,40
3009,4,2,7,3,1,2,1,0,na,na,na,na,na,na,6,8,50,40,70,30,40
3009,5,2,16,10,2,3,2,2,6,0,0,na,na,na,11,4,10,20,5,0,40
3010,1,4,9,5,2,2,2,0,na,na,na,na,na,na,13,12,0,20,10,30,30
3010,2,4,10,5,3,2,2,0,na,na,na,na,na,na,18,12,0,5,20,30,35
3010,3,4,9,8,2,2,2,0,na,na,na,na,na,na,12,14,20,20,5,40,40
3010,4,4,9,8,1,2,2,0,na,na,na,na,na,na,8,16,30,20,20,20,20
3010,5,4,10,7,2,2,2,0,na,na,na,na,na,na,22,14,0,15,10,20,20
3011,1,22,8,7,3,2,3,0,na,na,na,na,na,na,18,14,20,20,25,15,10
3011,2,22,7,4,3,3,3,1,12,0,na,na,na,na,14,16,10,20,30,35,40
3011,3,22,5,4,3,2,2,0,na,na,na,na,na,na,15,16,10,40,30,40,45
3011,4,22,12,8,3,3,2,0,na,na,na,na,na,na,23,12,10,20,30,20,20
3011,5,22,7,5,3,2,1,0,na,na,na,na,na,na,13,12,20,30,25,0,20
3012,1,24,6,5,1,2,1,0,na,na,na,na,na,na,5,10,30,20,30,15,20
3012,2,24,5,4,1,2,1,0,na,na,na,na,na,na,8,9,0,20,40,40,45
3012,3,24,6,4,1,2,2,1,12,30,na,na,na,na,9,8,50,30,10,40,40
3012,4,24,5,3,1,2,1,0,na,na,na,na,na,na,8,10,40,30,30,25,30
3012,5,24,8,8,1,3,2,1,16,10,na,na,na,na,7,12,5,20,20,40,40
3013,1,21,9,4,3,3,4,0,na,na,na,na,na,na,13,12,10,30,10,20,30
3013,2,21,9,4,3,3,4,0,na,na,na,na,na,na,13,12,0,5,15,20,20
3013,3,21,11,8,1,2,1,2,6,0,5,na,na,na,11,12,30,20,20,10,20
3013,4,21,11,5,3,4,3,1,18,0,na,na,na,na,17,14,10,20,10,30,55
3013,5,21,8,5,1,2,1,0,na,na,na,na,na,na,11,12,30,5,20,40,60
3014,1,3,8,6,3,3,3,0,na,na,na,na,na,na,30,18,0,5,20,10,10
3014,2,3,6,4,2,2,2,0,na,na,na,na,na,na,28,14,5,10,5,5,20
3014,3,3,7,5,2,2,3,3,4,5,5,10,na,na,17,9,20,10,30,30,10
3014,4,3,7,4,3,3,4,0,na,na,na,na,na,na,20,17,0,10,15,15,10
3014,5,3,6,4,2,1,1,6,4,0,0,5,5,0,6,7,20,20,15,0,10
3015,1,15,7,5,2,3,2,0,na,na,na,na,na,na,16,17,10,5,0,30,25
3015,2,15,10,6,3,4,3,1,24,5,na,na,na,na,18,20,0,0,0,20,0
3015,3,15,11,4,2,3,2,1,18,10,na,na,na,na,11,14,50,40,60,50,0
3015,4,15,9,5,2,3,2,4,20,5,10,10,0,na,6,16,30,20,30,10,30
3015,5,15,11,8,2,3,1,6,21,0,0,5,0,0,10,16,10,10,0,15,10
3016,1,20,8,6,2,2,2,1,14,0,na,na,na,na,22,20,30,10,20,20,0
3016,2,20,11,7,3,3,3,0,na,na,na,na,na,na,17,12,0,0,0,20,30
3016,3,20,6,5,1,2,2,0,na,na,na,na,na,na,14,17,0,0,30,0,20
3016,4,20,8,5,1,2,3,0,na,na,na,na,na,na,13,20,0,30,20,0,30
3016,5,20,8,5,3,3,3,3,20,0,0,0,na,na,13,22,0,20,0,20,30
3017,1,11,6,3,3,3,2,0,na,na,na,na,na,na,19,18,10,0,0,10,0
3017,2,11,11,5,3,3,2,3,16,0,10,40,na,na,17,14,10,10,20,15,0
3017,3,11,8,6,1,3,1,0,na,na,na,na,na,na,22,18,20,0,0,5,30
3017,4,11,8,5,1,1,1,0,na,na,na,na,na,na,19,14,0,5,10,10,10
3017,5,11,8,5,2,3,1,0,na,na,na,na,na,na,21,22,0,0,5,10,20
3018,1,19,9,7,1,2,2,0,na,na,na,na,na,na,25,19,0,5,0,10,20
3018,2,19,7,5,3,3,3,0,na,na,na,na,na,na,22,17,0,0,0,40,25
3018,3,19,10,5,2,3,3,0,na,na,na,na,na,na,25,15,0,15,20,40,0
3018,4,19,7,4,2,3,3,0,na,na,na,na,na,na,25,22,40,0,0,30,20
3018,5,19,6,4,2,3,3,0,na,na,na,na,na,na,25,21,30,0,10,10,20
3019,1,9,14,7,4,3,4,2,7,10,0,na,na,na,18,5,0,0,10,10,30
3019,2,9,7,5,4,3,4,1,9,5,na,na,na,na,19,11,10,10,15,35,30
3019,3,9,9,5,4,4,4,0,na,na,na,na,na,na,32,12,10,10,20,30,30
3019,4,9,9,7,4,4,4,0,na,na,na,na,na,na,28,14,0,0,0,10,10
3019,5,9,8,5,4,3,3,1,8,0,na,na,na,na,22,9,0,0,5,5,5
3020,1,10,11,6,4,3,2,2,7,10,10,na,na,na,17,9,40,40,50,50,55
3020,2,10,7,6,3,2,2,1,9,0,na,na,na,na,18,10,15,15,10,10,5
3020,3,10,7,5,3,2,2,1,11,0,na,na,na,na,25,7,10,25,20,20,30
3020,4,10,12,5,4,2,2,1,11,5,na,na,na,na,24,8,40,40,35,35,20
3020,5,10,6,4,4,2,2,1,8,0,na,na,na,na,20,10,10,10,20,30,25
3021,1,16,12,6,4,4,1,1,3,0,na,na,na,na,28,7,40,40,50,50,20
3021,2,16,6,3,3,3,3,0,na,na,na,na,na,na,19,8,5,5,5,10,10
3021,3,16,11,3,4,3,4,0,na,na,na,na,na,na,25,9,0,0,0,5,5
3021,4,16,7,4,4,3,4,0,na,na,na,na,na,na,56,9,0,0,5,5,5
3021,5,16,7,3,4,3,4,1,11,0,na,na,na,na,23,5,5,10,10,15,15
3022,1,7,7,6,1,2,2,1,4,0,na,na,na,na,16,20,15,20,40,45,20
3022,2,7,14,8,3,3,4,0,na,na,na,na,na,na,25,7,30,35,40,45,30
3022,3,7,6,3,2,1,1,0,na,na,na,na,na,na,28,6,10,10,5,5,20
3022,4,7,12,6,3,2,3,1,6,5,na,na,na,na,18,6,40,40,35,35,30
3022,5,7,10,4,3,2,2,1,11,0,na,na,na,na,29,9,25,20,20,35,30
3023,1,13,12,7,1,2,3,2,7,0,na,na,na,na,13,11,25,20,25,35,30
3023,2,13,7,4,1,2,1,1,5,0,na,na,na,na,12,8,5,20,25,30,25
3023,3,13,6,4,1,2,2,2,8,0,0,na,na,na,12,15,10,10,5,5,25
3023,4,13,6,4,1,3,2,0,na,na,na,na,na,na,16,8,5,5,10,10,25
3023,5,13,7,4,2,2,1,1,8,10,na,na,na,na,15,8,10,30,10,25,25
3024,1,14,12,6,3,2,3,1,8,0,na,na,na,na,18,11,55,40,20,25,20
3024,2,14,9,6,2,2,2,0,na,na,na,na,na,na,15,7,30,25,25,20,40
3024,3,14,7,6,1,1,1,1,6,0,na,na,na,na,18,6,20,30,30,20,25
3024,4,14,11,4,1,2,1,1,8,0,na,na,na,na,13,8,20,20,10,10,10
3024,5,14,6,3,1,1,1,0,na,na,na,na,na,na,8,7,20,20,35,30,30
4001,1,17,11,10,1,3,1,3,8,40,10,20,na,na,19,7,30,25,20,20,10
4001,2,17,8,7,2,3,1,5,8,0,0,5,5,10,19,6,10,15,25,20,10
4001,3,17,10,9,3,3,2,5,9,0,0,5,5,5,26,7,40,15,20,30,30
4001,4,17,7,6,1,3,1,5,6,0,0,5,5,20,14,8,30,20,20,5,0
4001,5,17,13,11,2,3,1,3,10,5,10,0,na,na,19,9,0,5,0,0,5
4002,1,24,9,8,1,2,1,2,4,0,0,na,na,na,14,5,0,0,20,25,20
4002,2,24,10,9,1,3,1,2,5,0,10,na,na,na,11,8,10,20,25,20,15
4002,3,24,8,7,1,4,2,2,6,10,0,na,na,na,14,6,25,30,40,35,40
4002,4,24,9,9,1,na,0,0,0,na,na,na,na,na,13,6,5,5,10,20,5
4002,5,24,5,3,1,na,0,0,0,na,na,na,na,na,11,6,0,10,10,10,5
4003,1,3,13,5,2,3,3,0,na,na,na,na,na,na,34,12,0,10,0,20,20
4003,2,3,12,8,2,3,3,12,12,0,0,10,5,0,21,14,0,10,15,0,20
4003,3,3,9,7,2,3,2,17,10,0,30,0,70,0,24,17,30,0,10,10,0
4003,4,3,10,5,1,0,1,0,na,na,na,na,na,na,26,5,10,40,20,10,5
4003,5,3,10,5,1,3,1,4,1,30,40,0,40,na,14,2,15,40,40,20,40
4004,1,8,11,10,1,2,1,9,10,5,10,5,10,20,15,8,10,25,10,5,30
4004,2,8,8,7,1,2,1,8,5,0,0,0,5,5,20,8,5,10,20,5,30
4004,3,8,9,6,2,3,3,7,9,0,0,5,5,10,21,7,0,25,15,20,15
4004,4,8,10,9,1,2,1,4,9,5,5,15,15,na,21,7,5,5,30,30,20
4004,5,8,10,9,1,2,1,5,9,25,20,30,40,10,15,6,15,0,0,5,5
4005,1,19,8,5,2,3,2,2,6,5,5,na,na,na,28,11,0,10,10,20,25
4005,2,19,9,8,2,3,1,4,10,0,0,10,10,na,22,7,0,0,5,10,20
4005,3,19,9,9,2,3,1,2,7,5,0,na,na,na,28,10,5,10,10,15,15
4005,4,19,8,8,1,2,1,4,8,5,5,0,10,na,22,7,5,5,20,30,10
4005,5,19,9,8,2,3,1,3,6,0,0,5,na,na,24,10,0,0,15,20,15
4006,1,6,5,4,3,4,4,0,na,na,na,na,na,na,11,10,0,5,25,30,20
4006,2,6,10,7,3,4,4,0,na,na,na,na,na,na,12,16,10,10,15,35,10
4006,3,6,13,13,2,4,3,0,na,na,na,na,na,na,14,8,10,10,15,0,5
4006,4,6,8,6,3,4,4,0,na,na,na,na,na,na,24,14,0,0,20,20,30
4006,5,6,7,11,1,2,1,0,na,na,na,na,na,na,7,8,0,10,20,25,15
4007,1,23,5,3,1,4,3,0,na,na,na,na,na,na,12,14,10,5,5,20,40
4007,2,23,9,6,2,3,2,0,na,na,na,na,na,na,15,16,20,30,20,30,15
4007,3,23,10,7,3,2,1,2,6,0,10,na,na,na,33,10,20,15,5,20,30
4007,4,23,6,4,2,3,1,1,4,10,na,na,na,na,15,10,20,20,30,30,30
4007,5,23,8,3,3,2,2,0,na,na,na,na,na,na,22,8,10,20,20,40,50
4008,1,5,11,7,1,3,2,0,na,na,na,na,na,na,24,9,0,0,20,25,30
4008,2,5,7,5,1,3,2,4,6,0,0,0,5,na,32,8,10,20,25,60,15
4008,3,5,6,7,1,2,2,3,3,35,35,40,na,na,26,8,30,25,30,30,40
4008,4,5,7,9,2,3,3,0,na,na,na,na,na,na,28,11,0,0,5,5,5
4008,5,5,6,4,1,4,2,0,na,na,na,na,na,na,16,11,0,0,5,20,25
4009,1,22,8,4,1,1,1,2,7,0,0,5,na,na,25,7,5,5,10,10,5
4009,2,22,6,3,2,3,1,0,na,na,na,na,na,na,26,13,20,10,40,5,0
4009,3,22,6,4,2,2,2,0,na,na,na,na,na,na,24,9,0,5,10,30,25
4009,4,22,6,3,2,2,1,1,10,0,na,na,na,na,17,10,5,5,5,10,10
4009,5,22,4,4,2,3,2,0,na,na,na,na,na,na,27,6,30,30,25,5,10
4010,1,16,7,4,2,3,3,0,na,na,na,na,na,na,26,13,0,0,30,20,0
4010,2,16,8,5,4,3,3,0,na,na,na,na,na,na,30,14,10,0,40,20,0
4010,3,16,8,5,3,4,3,0,na,na,na,na,na,na,36,13,10,0,20,5,20
4010,4,16,9,5,3,3,3,0,na,na,na,na,na,na,29,20,5,10,0,5,10
4010,5,16,11,6,2,3,2,0,na,na,na,na,na,na,23,8,10,0,0,10,30
4011,1,11,9,9,3,3,3,8,5,0,0,0,5,5,14,7,0,15,40,5,0
4011,2,11,10,8,3,3,3,7,10,15,10,0,5,5,12,8,5,0,0,0,0
4011,3,11,10,8,3,3,2,5,7,0,0,5,10,10,15,6,0,0,0,5,20
4011,4,11,10,9,2,2,2,4,8,0,0,0,25,na,13,6,0,40,10,20,20
4011,5,11,10,9,3,2,3,7,11,0,20,25,20,0,15,8,0,5,0,20,10
4012,1,12,10,6,2,2,2,0,na,na,na,na,na,na,28,13,0,10,10,20,20
4012,2,12,10,6,1,3,2,0,na,na,na,na,na,na,14,16,0,5,30,0,0
4012,3,12,10,5,2,3,2,0,na,na,na,na,na,na,29,13,5,0,20,20,20
4012,4,12,6,4,2,3,2,0,na,na,na,na,na,na,15,10,0,10,20,40,30
4012,5,12,10,6,2,3,3,0,na,na,na,na,na,na,25,16,20,0,10,30,60
4013,1,1,11,10,3,4,3,1,3,5,na,na,na,na,26,7,0,5,25,10,10
4013,2,1,7,6,2,2,1,1,4,10,na,na,na,na,22,10,15,20,40,45,30
4013,3,1,13,11,2,3,2,5,6,0,0,5,5,5,17,7,0,0,0,5,10
4013,4,1,4,3,1,1,1,0,0,na,na,na,na,na,22,4,5,10,10,15,5
4013,5,1,5,5,1,2,1,1,5,5,na,na,na,na,17,10,20,25,40,35,30
4014,1,14,8,5,1,2,1,2,6,0,5,na,na,na,14,7,10,30,40,35,10
4014,2,14,6,4,1,na,0,1,3,0,na,na,na,na,10,7,10,30,50,45,20
4014,3,14,3,3,1,2,1,1,6,5,na,na,na,na,19,7,5,10,20,5,25
4014,4,14,10,8,1,2,1,1,8,0,na,na,na,na,11,10,15,15,20,5,10
4014,5,14,7,5,1,2,1,1,4,5,na,na,na,na,13,7,25,20,40,35,30
4015,1,21,8,6,2,2,2,0,na,na,na,na,na,na,31,8,15,15,20,20,10
4015,2,21,9,4,3,3,2,0,na,na,na,na,na,na,34,14,20,20,10,0,5
4015,3,21,14,9,3,3,3,0,na,na,na,na,na,na,32,15,5,5,10,10,15
4015,4,21,9,6,3,2,3,0,na,na,na,na,na,na,19,9,5,5,5,0,0
4015,5,21,13,10,1,3,2,1,7,5,na,na,na,na,14,7,10,10,5,5,10
4016,1,2,13,6,1,2,2,1,6,10,na,na,na,na,16,9,5,25,10,10,10
4016,2,2,11,8,1,2,2,0,na,na,na,na,na,na,10,7,0,0,10,10,10
4016,3,2,11,9,3,2,2,1,5,0,na,na,na,na,20,7,5,5,20,25,45
4016,4,2,17,7,3,2,2,4,8,30,20,30,30,na,16,8,70,80,60,70,60
4016,5,2,17,6,3,2,2,3,6,40,15,20,na,na,13,14,60,40,60,60,70
4017,1,7,14,15,3,2,2,1,5,0,na,na,na,na,15,8,40,45,50,55,60
4017,2,7,8,4,4,4,3,0,na,na,na,na,na,na,28,8,30,25,15,30,30
4017,3,7,6,7,4,3,4,0,na,na,na,na,na,na,23,17,0,5,5,5,15
4017,4,7,7,4,4,4,2,2,7,0,na,na,na,na,24,11,10,10,5,5,15
4017,5,7,6,4,4,2,2,0,na,na,na,na,na,na,32,12,0,0,5,5,0
4018,1,20,6,7,3,2,3,0,na,na,na,na,na,na,26,13,5,5,5,0,5
4018,2,20,6,4,3,2,2,0,na,na,na,na,na,na,34,9,25,20,25,20,20
4018,3,20,8,7,3,2,2,5,6,0,5,5,5,5,29,10,15,20,10,10,15
4018,4,20,8,6,3,2,2,0,na,na,na,na,na,na,20,16,5,5,5,15,15
4018,5,20,6,7,3,2,2,2,6,5,5,na,na,na,18,9,10,10,5,5,15
4019,1,9,6,6,3,2,1,1,7,0,na,na,na,na,33,7,65,50,40,45,50
4019,2,9,7,12,2,1,7,0,na,na,na,na,na,na,34,7,0,0,0,5,5
4019,3,9,9,8,3,3,3,2,7,0,0,na,na,na,38,10,5,5,5,10,0
4019,4,9,9,6,3,3,3,1,6,0,na,na,na,na,19,7,0,5,5,10,10
4019,5,9,11,6,2,2,1,3,6,20,20,15,na,na,16,9,25,20,10,10,15
4020,1,4,11,7,1,1,1,0,na,na,na,na,na,na,17,5,0,0,0,10,15
4020,2,4,9,8,2,2,3,1,7,0,na,na,na,na,13,11,5,10,20,25,15
4020,3,4,9,6,1,2,1,4,5,30,35,0,0,30,14,7,10,5,10,10,5
4020,4,4,8,5,3,2,2,0,na,na,na,na,na,na,25,17,35,35,20,20,45
4020,5,4,7,6,1,3,3,0,na,na,na,na,na,na,20,14,0,5,5,5,5
4021,1,13,4,4,1,2,1,1,5,0,na,na,na,na,12,7,0,5,5,40,20
4021,2,13,9,5,2,3,1,1,6,0,na,na,na,na,10,6,0,0,0,5,5
4021,3,13,6,6,1,3,1,0,na,na,na,na,na,na,17,6,30,30,25,0,5
4021,4,13,7,8,1,2,1,1,5,5,na,na,na,na,9,8,20,20,10,5,10
4021,5,13,8,5,1,2,1,3,5,0,0,5,na,na,8,6,5,0,5,25,40
4022,1,15,11,12,4,3,2,3,10,0,0,0,na,na,14,11,30,30,20,20,10
4022,2,15,12,13,3,3,2,2,7,5,0,na,na,na,5,15,50,40,50,30,40
4022,3,15,7,6,2,3,3,0,na,na,na,na,na,na,14,9,0,0,0,5,5
4022,4,15,11,13,2,2,2,3,9,0,0,0,na,na,16,7,40,50,30,35,40
4022,5,15,6,7,2,3,1,10,0,na,na,na,na,na,10,10,5,5,5,10,5
4023,1,18,7,9,1,1,1,1,3,5,na,na,na,na,10,7,0,25,25,45,20
4023,2,18,9,11,2,2,2,2,9,30,35,na,na,na,12,11,0,10,10,5,20
4023,3,18,6,7,2,2,4,0,na,na,na,na,na,na,20,11,20,25,15,30,20
4023,4,18,6,9,2,2,1,1,7,0,na,na,na,na,26,10,40,50,10,10,10
4023,5,18,4,3,1,2,1,0,na,na,na,na,na,na,8,9,20,10,60,50,40
4024,1,10,6,4,4,3,2,0,na,na,na,na,na,na,17,8,25,30,35,40,45
4024,2,10,12,11,4,3,3,1,11,0,na,na,na,na,15,9,25,35,30,40,20
4024,3,10,6,4,4,2,2,0,na,na,na,na,na,na,26,11,25,20,35,30,35
4024,4,10,6,4,4,2,2,1,8,0,na,na,na,na,17,12,25,30,35,30,35
4024,5,10,7,4,4,2,1,1,13,0,na,na,na,na,22,9,20,20,10,5,25
101,1,na,6,5,3,3,3,1,5,0,na,na,na,na,16,26,0,10,30,30,0
101,2,na,10,5,1,3,1,4,12,5,0,0,0,na,15,14,30,20,30,20,20
101,3,na,6,3,2,3,3,1,2,20,na,na,na,na,14,28,0,40,30,0,30
101,4,na,6,4,1,3,2,1,2,10,na,na,na,na,15,15,0,20,30,20,20
101,5,na,7,5,1,na,0,0,na,na,na,na,na,na,14,15,50,0,0,10,10
102,1,na,9,5,2,3,3,0,na,na,na,na,na,na,14,25,0,10,30,30,0
102,2,na,8,4,1,2,1,0,na,na,na,na,na,na,23,18,20,0,0,20,20
102,3,na,10,6,1,3,1,4,15,0,20,30,60,na,19,13,10,10,0,20,30
102,4,na,8,4,2,3,2,0,na,na,na,na,na,na,17,24,30,0,10,30,20
102,5,na,10,7,2,3,2,0,na,na,na,na,na,na,26,18,30,30,10,0,10
103,1,na,10,5,2,3,2,0,na,na,na,na,na,na,18,19,20,0,10,20,40
103,2,na,9,5,2,3,3,0,na,na,na,na,na,na,26,25,0,0,0,0,40
103,3,na,6,4,2,3,3,0,na,na,na,na,na,na,16,24,0,0,0,70,40
103,4,na,6,6,2,3,3,0,na,na,na,na,na,na,18,20,0,0,50,0,30
103,5,na,5,4,2,3,2,0,na,na,na,na,na,na,13,26,10,0,5,0,0
104,1,na,10,5,3,3,2,0,na,na,na,na,na,na,22,22,0,0,0,80,30
104,2,na,9,5,2,3,1,0,na,na,na,na,na,na,19,21,10,0,20,10,30
104,3,na,10,5,2,3,2,9,13,0,0,0,20,0,7,16,0,10,10,20,0
104,4,na,8,4,3,3,2,0,na,na,na,na,na,na,23,26,30,20,0,60,20
104,5,na,7,5,2,2,1,0,na,na,na,na,na,na,21,27,40,15,0,0,0
217,1,na,12,6,1,1,2,0,na,na,na,na,na,na,24,8,5,5,10,15,35
217,2,na,8,4,1,1,1,0,na,na,na,na,na,na,12,5,5,5,5,5,5
217,3,na,8,5,2,2,1,0,na,na,na,na,na,na,18,7,25,25,20,20,10
217,4,na,11,6,1,1,1,0,na,na,na,na,na,na,20,16,0,0,5,5,10
217,5,na,11,6,1,1,1,0,na,na,na,na,na,na,19,15,5,5,5,5,20
218,1,na,11,7,1,1,1,3,8,5,5,5,na,na,12,14,15,15,20,25,10
218,2,na,7,6,1,1,1,2,11,15,15,na,na,na,16,14,30,35,45,40,45
218,3,na,6,4,1,1,1,1,6,35,na,na,na,na,19,14,30,30,20,20,10
218,4,na,6,4,1,1,1,0,na,na,na,na,na,na,9,3,0,0,5,5,10
218,5,na,9,4,1,1,1,0,na,na,na,na,na,na,8,9,5,5,10,10,5
219,1,na,12,6,3,2,2,0,na,na,na,na,na,na,16,16,5,10,10,15,15
219,2,na,17,11,4,3,3,3,8,15,15,10,na,na,22,9,55,40,55,30,30
219,3,na,12,6,2,2,1,6,5,na,na,na,na,na,11,13,5,5,10,10,10
219,4,na,11,6,2,1,1,0,na,na,na,na,na,na,20,8,10,10,15,15,10
219,5,na,na,na,na,na,na,na,na,na,na,na,na,na,na,na,na,na,na,na,na
220,1,na,8,6,2,3,1,1,23,0,na,na,na,na,14,15,0,30,20,0,50
220,2,na,7,5,1,2,2,0,na,na,na,na,na,na,14,21,20,0,0,0,5
220,3,na,5,4,3,3,3,0,na,na,na,na,na,na,18,23,20,0,0,0,10
220,4,na,7,5,2,2,1,0,na,na,na,na,na,na,16,16,5,0,20,10,0
220,5,na,7,5,2,3,2,0,na,na,na,na,na,na,19,22,0,0,0,10,10
301,1,na,16,11,4,2,2,1,7,0,na,na,na,na,23,5,5,5,25,20,15
301,2,na,7,4,4,3,3,1,11,0,na,na,na,na,19,7,0,25,20,20,25
301,3,na,12,8,4,3,4,1,5,0,na,na,na,na,23,9,0,0,25,25,20
301,4,na,8,4,5,3,2,0,na,na,na,na,na,na,8,5,0,5,30,30,20
301,5,na,6,4,2,2,1,0,na,na,na,na,na,na,14,8,0,0,0,20,25
302,1,na,8,5,2,3,1,0,na,na,na,na,na,na,18,28,20,20,25,0,30
302,2,na,9,5,3,4,3,0,na,na,na,na,na,na,28,22,10,10,0,20,0
302,3,na,9,5,1,3,1,3,21,20,10,0,na,na,13,15,5,10,10,0,0
302,4,na,11,8,2,3,1,10,20,0,40,30,50,20,17,16,0,0,0,10,10
302,5,na,11,5,2,3,2,5,26,0,20,10,0,20,21,17,0,0,0,50,10
303,1,na,11,5,2,2,1,0,na,na,na,na,na,na,18,9,5,5,5,10,25
303,2,na,7,4,2,2,1,0,na,na,na,na,na,na,21,9,10,10,5,5,15
303,3,na,3,11,6,2,1,0,na,na,na,na,na,na,19,11,5,5,5,10,10
303,4,na,11,4,2,1,1,3,6,5,5,5,na,na,17,6,25,10,10,15,10
303,5,na,9,6,1,1,1,10,5,5,5,5,10,10,8,7,10,20,30,20,10
304,1,na,12,8,4,3,3,7,8,5,5,10,10,0,16,7,35,35,40,40,45
304,2,na,9,4,4,2,2,8,8,30,35,40,45,20,8,10,40,45,50,40,30
304,3,na,14,9,4,3,2,1,7,15,na,na,na,na,17,11,30,35,25,15,55
304,4,na,7,4,3,3,2,1,7,0,na,na,na,na,15,8,25,35,30,60,15
304,5,na,6,5,2,2,2,4,7,10,10,15,10,na,19,11,35,30,25,20,30
417,1,na,13,7,2,3,2,0,na,na,na,na,na,na,20,7,0,0,5,5,5
417,2,na,6,4,1,1,1,0,na,na,na,na,na,na,17,13,0,0,20,20,10
417,3,na,5,3,2,2,2,1,7,5,na,na,na,na,23,7,25,20,20,5,5
417,4,na,9,8,3,2,1,3,7,15,15,15,na,na,18,14,20,25,20,20,20
417,5,na,7,4,1,2,2,0,na,na,na,na,na,na,17,8,30,25,40,40,15
418,1,na,12,7,4,2,2,1,13,10,na,na,na,na,17,8,10,10,35,30,30
418,2,na,13,5,5,3,4,1,6,0,na,na,na,na,37,8,35,25,10,20,35
418,3,na,9,5,2,1,1,0,14,na,na,na,na,na,8,7,0,10,10,30,25
418,4,na,9,5,2,1,1,1,6,0,na,na,na,na,16,8,35,40,50,40,45
418,5,na,9,6,4,3,3,1,7,0,na,na,na,na,25,15,20,20,30,15,20
419,1,na,18,12,1,1,1,1,4,0,na,na,na,na,18,9,0,0,0,0,5
419,2,na,9,6,5,2,1,0,na,na,na,na,na,na,8,7,5,5,5,5,5
419,3,na,13,9,1,2,1,1,13,10,na,na,na,na,7,5,40,55,30,30,55
419,4,na,11,6,1,1,1,0,na,na,na,na,na,na,15,5,25,20,35,30,30
419,5,na,7,5,1,1,1,0,na,na,na,na,na,na,14,5,20,35,30,30,30
420,1,na,6,4,3,1,1,0,na,na,na,na,na,na,17,8,10,20,25,20,20
420,2,na,12,8,3,2,2,3,6,15,15,20,na,na,25,18,5,40,55,20,25
420,3,na,12,9,1,1,1,0,na,na,na,na,na,na,29,17,5,5,5,5,10
420,4,na,6,6,2,1,1,1,3,10,na,na,na,na,22,16,50,55,25,50,20
420,5,na,6,4,1,1,1,1,16,0,na,na,na,na,17,14,20,25,25,30,35
1001,1,11,10,8,2,3,2,10,9,0,0,20,20,25,12,5,10,10,15,20,30
1001,2,11,5,5,2,2,2,0,0,na,na,na,na,na,21,6,5,10,20,30,40
1001,3,11,8,10,2,3,2,5,0,5,5,10,na,na,15,5,5,5,30,35,40
1001,4,11,6,5,1,3,1,3,6,10,10,na,na,na,12,5,20,25,30,25,30
1001,5,11,8,7,2,2,2,8,0,0,0,5,10,20,10,6,10,10,15,40,30
1002,1,1,8,9,1,2,1,0,0,na,na,na,na,na,16,8,0,0,10,20,25
1002,2,1,8,8,2,3,2,1,5,0,0,na,na,na,17,7,0,0,5,10,20
1002,3,1,6,8,1,2,1,0,0,na,na,na,na,na,19,7,10,15,20,40,45
1002,4,1,9,7,2,1,4,5,5,0,0,5,5,15,16,6,15,20,25,15,20
1002,5,1,10,9,3,3,2,3,6,5,5,na,na,na,23,9,0,5,5,10,15
1003,1,17,10,9,2,na,0,0,0,na,na,na,na,na,18,7,0,5,5,10,10
1003,2,17,5,3,1,1,1,0,0,na,na,na,na,na,17,6,0,0,20,25,20
1003,3,17,10,8,3,3,2,0,0,na,na,na,na,na,20,6,0,0,5,10,20
1003,4,17,10,9,2,2,1,2,4,5,10,na,na,na,20,4,10,10,5,25,30
1003,5,17,5,3,1,2,1,0,0,na,na,na,na,na,13,7,0,10,10,15,30
1004,1,13,13,9,1,na,0,0,0,na,na,na,na,na,18,6,5,5,10,10,15
1004,2,13,11,5,1,na,0,0,0,na,na,na,na,na,18,10,10,15,20,25,20
1004,3,13,8,6,1,2,1,0,0,na,na,na,na,na,19,10,25,30,40,20,25
1004,4,13,12,8,2,na,0,0,0,na,na,na,na,na,14,5,20,25,30,35,40
1004,5,13,6,4,1,na,0,0,0,na,na,na,na,na,10,7,0,10,20,25,30
1005,1,21,13,10,1,4,1,0,0,na,na,na,na,na,16,6,15,15,20,40,35
1005,2,21,10,6,2,3,2,1,6,5,na,na,na,na,19,9,20,25,30,35,40
1005,3,21,15,10,1,1,1,1,6,0,na,na,na,na,22,6,20,25,30,35,10
1005,4,21,11,9,1,1,1,0,0,na,na,na,na,na,12,7,10,15,20,25,30
1005,5,21,10,8,1,3,1,2,6,10,10,na,na,na,9,4,20,25,30,35,40
1006,1,15,10,8,1,2,1,0,0,na,na,na,na,na,11,7,5,10,10,15,20
1006,2,15,10,9,2,3,1,6,7,0,5,10,10,15,17,8,5,5,10,15,20
1006,3,15,9,6,2,1,1,0,0,na,na,na,na,na,23,9,0,5,10,15,30
1006,4,15,10,9,3,3,3,5,6,0,0,5,5,10,20,10,30,35,40,45,50
1006,5,15,8,7,1,1,1,0,0,na,na,na,na,na,12,6,5,15,30,35,40
1007,1,3,14,4,4,3,3,10,8,0,0,0,5,5,33,14,60,70,65,50,70
1007,2,3,14,8,3,2,2,5,10,20,20,10,10,10,18,7,10,10,15,15,20
1007,3,3,12,8,3,3,2,9,4,5,5,0,0,10,14,5,10,30,40,40,15
1007,4,3,8,7,4,3,3,0,na,na,na,na,na,na,43,7,40,50,30,30,30
1007,5,3,14,8,3,3,2,10,10,0,10,5,5,5,18,7,10,10,10,20,20
1008,1,8,9,8,3,2,2,16,5,5,5,0,0,10,7,6,20,20,20,30,30
1008,2,8,12,6,2,2,2,1,5,0,na,na,na,na,10,5,30,30,25,30,20
1008,3,8,6,5,3,2,2,10,14,5,5,10,10,5,9,11,25,25,30,30,10
1008,4,8,11,8,3,2,2,14,5,0,5,5,0,0,16,6,30,40,40,35,30
1008,5,8,14,6,4,3,3,4,9,0,0,15,15,na,8,9,20,30,20,20,30
1009,1,5,11,5,3,3,2,0,na,na,na,na,na,na,15,30,35,40,50,55,60
1009,2,5,14,10,3,3,3,7,6,0,0,0,5,5,26,8,25,25,30,25,15
1009,3,5,8,5,4,3,3,16,5,10,15,20,20,15,14,11,80,70,60,65,50
1009,4,5,12,6,4,3,3,14,11,10,15,15,10,10,14,5,20,25,30,30,20
1009,5,5,na,na,na,na,na,na,na,na,na,na,na,na,na,na,na,na,na,na,na
1010,1,10,13,8,4,3,1,3,3,0,10,5,na,na,24,6,40,45,25,35,30
1010,2,10,11,4,3,2,1,0,na,na,na,na,na,na,21,14,0,45,45,30,35
1010,3,10,10,4,3,2,1,1,7,0,na,na,na,na,13,6,25,20,25,20,30
1010,4,10,7,5,4,3,3,1,6,0,na,na,na,na,18,8,45,55,50,40,45
1010,5,10,6,4,4,3,3,na,na,na,na,na,na,na,14,8,55,10,10,20,20
1011,1,24,11,10,1,3,1,5,7,0,5,25,25,30,23,8,20,30,40,35,45
1011,2,24,10,6,1,4,1,3,8,0,5,5,na,na,11,5,15,20,25,10,40
1011,3,24,11,8,2,4,1,2,5,5,5,na,na,na,15,7,20,30,35,45,60
1011,4,24,9,6,1,1,1,1,3,0,na,na,na,na,22,8,30,35,20,40,45
1011,5,24,6,4,2,3,1,1,7,0,na,na,na,na,12,7,10,25,40,30,35
1012,1,16,9,6,4,4,3,0,na,na,na,na,na,na,37,7,0,0,10,5,5
1012,2,16,11,9,4,2,2,6,7,0,5,5,5,0,17,11,40,40,50,55,30
1012,3,16,6,4,4,3,3,1,13,0,na,na,na,na,37,16,30,25,30,15,15
1012,4,16,11,6,4,3,3,0,na,na,na,na,na,na,25,8,20,25,25,30,30
1012,5,16,6,4,3,2,2,0,na,na,na,na,na,na,17,6,0,5,5,10,10
1013,1,20,15,6,1,1,1,1,7,5,na,na,na,na,10,7,20,30,30,50,60
1013,2,20,14,10,2,1,1,7,6,0,0,5,5,0,17,4,10,10,5,5,5
1013,3,20,8,4,3,2,1,0,na,na,na,na,na,na,30,4,0,0,10,10,30
1013,4,20,13,7,3,1,1,4,3,0,0,0,0,na,26,7,25,20,30,25,20
1013,5,20,9,4,2,1,1,1,7,0,na,na,na,na,14,9,50,20,20,30,30
1014,1,4,13,9,1,2,1,5,8,0,5,5,0,0,17,5,40,35,25,30,35
1014,2,4,14,12,2,2,1,1,12,0,na,na,na,na,24,5,0,0,10,10,15
1014,3,4,11,8,1,3,2,1,4,0,na,na,na,na,16,4,20,20,25,20,10
1014,4,4,13,4,3,2,2,10,9,5,5,5,10,10,14,8,45,40,35,30,60
1014,5,4,11,5,3,2,1,0,na,na,na,na,na,na,28,11,10,10,15,15,20
1015,1,18,12,15,2,2,1,3,6,5,5,10,na,na,16,11,10,10,15,20,20
1015,2,18,11,15,1,2,1,3,6,0,5,20,na,na,14,11,15,15,30,35,30
1015,3,18,11,11,1,2,1,3,2,5,5,0,na,na,16,7,20,30,40,30,25
1015,4,18,12,13,1,2,1,3,6,10,15,15,na,na,27,8,20,20,40,25,10
1015,5,18,6,10,3,2,1,5,6,5,5,10,10,10,12,7,50,30,35,20,40
1016,1,6,9,13,4,3,3,4,4,0,10,5,5,na,17,13,5,20,20,30,30
1016,2,6,9,7,4,4,5,0,na,na,na,na,na,na,32,12,5,10,15,20,15
1016,3,6,8,11,5,4,4,0,na,na,na,na,na,na,25,13,10,20,30,20,20
1016,4,6,9,18,3,4,2,6,7,5,5,10,10,5,19,9,5,5,10,10,50
1016,5,6,7,12,3,3,2,5,7,5,5,5,10,10,14,9,10,10,15,30,50
1017,1,12,7,4,3,4,4,0,na,na,na,na,na,na,32,5,30,35,40,45,30
1017,2,12,7,5,3,2,1,0,na,na,na,na,na,na,28,8,25,35,25,35,20
1017,3,12,8,5,2,1,1,0,na,na,na,na,na,na,32,8,20,25,30,35,40
1017,4,12,8,6,2,2,2,0,na,na,na,na,na,na,36,7,30,35,40,40,20
1017,5,12,7,6,3,2,1,1,15,5,na,na,na,na,18,8,25,30,35,40,40
1018,1,14,6,4,3,3,4,1,3,10,na,na,na,na,24,6,0,0,5,5,10
1018,2,14,13,7,1,2,2,1,5,15,na,na,na,na,17,8,10,10,15,15,10
1018,3,14,12,7,1,1,1,4,9,0,0,5,5,na,19,7,10,20,25,10,30
1018,4,14,12,6,2,4,1,4,3,0,0,0,0,na,19,7,10,10,15,15,20
1018,5,14,11,6,2,2,2,3,6,5,5,5,na,na,19,6,30,35,20,40,30
1019,1,19,13,8,4,3,4,0,na,na,na,na,na,na,35,13,40,50,45,40,50
1019,2,19,4,4,5,3,3,0,na,na,na,na,na,na,36,8,35,45,40,45,50
1019,3,19,6,4,4,3,3,0,na,na,na,na,na,na,32,7,30,35,40,45,40
1019,4,19,14,11,4,3,3,3,8,0,0,5,na,na,25,8,0,0,5,5,20
1019,5,19,6,3,4,3,3,1,4,15,na,na,na,na,19,7,20,25,5,5,45
1020,1,23,6,5,3,3,2,8,6,0,0,5,10,15,14,8,10,10,15,15,20
1020,2,23,12,10,3,2,2,5,7,0,5,10,5,5,20,28,0,0,5,10,5
1020,3,23,10,8,3,3,2,10,8,0,0,0,5,5,22,10,5,10,20,25,30
1020,4,23,10,8,3,3,3,10,11,0,0,0,5,5,8,7,0,0,5,5,5
1020,5,23,8,7,3,3,1,0,0,na,na,na,na,na,22,10,0,0,10,10,15
1021,1,22,8,9,3,3,3,7,7,0,0,5,5,10,28,10,10,10,20,25,30
1021,2,22,5,4,2,2,1,0,0,na,na,na,na,na,22,7,5,10,20,25,30
1021,3,22,6,5,3,3,2,5,6,0,0,5,5,5,13,5,5,10,10,15,20
1021,4,22,5,4,2,2,2,6,7,5,0,5,10,0,21,8,10,10,15,20,30
1021,5,22,8,8,1,2,1,5,5,0,0,5,5,10,10,5,15,15,20,30,35
1022,1,7,8,8,3,7,5,5,5,5,5,10,20,0,8,6,10,10,30,40,35
1022,2,7,8,6,2,3,2,10,6,0,0,5,5,10,8,7,20,30,35,40,35
1022,3,7,8,5,2,2,1,7,6,0,5,5,20,10,11,6,30,30,20,25,40
1022,4,7,9,9,3,3,2,8,7,0,0,5,10,15,5,4,10,30,20,25,30
1022,5,7,8,8,2,2,1,6,9,0,5,5,10,15,9,5,10,10,25,20,30
1023,1,9,5,4,2,3,2,6,6,0,0,5,10,15,20,11,5,10,20,30,30
1023,2,9,8,7,3,3,2,10,10,0,0,5,5,5,15,3,5,5,10,15,15
1023,3,9,5,6,3,3,2,7,6,0,0,5,5,10,14,9,5,5,10,25,15
1023,4,9,8,6,3,3,3,6,7,0,0,5,5,10,16,8,0,5,5,15,20
1023,5,9,10,9,3,4,3,5,9,0,0,5,5,10,18,7,20,20,15,30,25
1024,1,2,16,8,2,1,1,5,4,0,0,10,20,20,12,5,15,20,25,25,30
1024,2,2,5,4,1,1,1,3,7,0,0,0,na,na,9,6,10,10,20,20,25
1024,3,2,16,5,3,3,2,3,6,0,0,na,na,na,22,10,10,15,20,30,35
1024,4,2,10,6,1,2,1,2,4,5,5,na,na,na,8,6,15,45,40,30,20
1024,5,2,12,8,2,3,2,0,0,na,na,na,na,na,10,6,0,0,5,10,15
2001,1,6,7,5,2,na,1,0,na,na,na,na,na,na,18,8,0,0,40,30,20
2001,2,6,8,6,2,3,1,0,na,na,na,na,na,na,18,14,10,40,40,35,35
2001,3,6,9,9,3,2,2,0,na,na,na,na,na,na,22,16,30,40,60,50,30
2001,4,6,8,3,3,2,1,0,na,na,na,na,na,na,16,18,30,35,40,20,20
2001,5,6,6,5,3,2,2,2,6,0,0,na,na,na,20,10,20,30,10,20,30
2002,1,16,6,3,4,2,3,2,4,0,0,na,na,na,19,12,50,40,35,30,25
2002,2,16,6,4,3,2,1,0,na,na,na,na,na,na,18,12,0,10,0,30,30
2002,3,16,8,5,3,3,2,0,na,na,na,na,na,na,22,10,10,20,30,40,30
2002,4,16,6,3,3,3,3,0,na,na,na,na,na,na,23,14,0,5,10,25,20
2002,5,16,7,3,3,3,3,0,na,na,na,na,na,na,20,14,0,10,20,20,5
2003,1,17,9,6,3,3,1,0,na,na,na,na,na,na,15,12,10,25,40,35,10
2003,2,17,7,5,2,2,1,0,na,na,na,na,na,na,12,14,0,20,20,15,20
2003,3,17,8,6,3,2,2,0,na,na,na,na,na,na,15,10,0,0,15,35,20
2003,4,17,10,5,2,3,2,4,16,0,0,0,5,na,10,12,25,10,30,30,20
2003,5,17,10,4,1,2,0,2,4,0,5,na,na,na,5,16,0,25,25,30,0
2004,1,9,8,6,2,3,4,0,na,na,na,na,na,na,12,12,0,40,40,60,60
2004,2,9,9,4,3,3,3,0,na,na,na,na,na,na,14,13,5,0,10,20,35
2004,3,9,8,5,2,2,1,0,na,na,na,na,na,na,13,10,20,30,50,15,20
2004,4,9,7,5,3,4,4,0,na,na,na,na,na,na,14,12,5,0,10,10,30
2004,5,9,8,5,3,2,2,0,na,na,na,na,na,na,16,12,0,20,40,20,25
2005,1,12,8,6,3,3,2,2,14,0,0,na,na,na,16,12,5,10,25,10,5
2005,2,12,9,5,3,3,2,0,na,na,na,na,na,na,16,12,10,5,10,5,10
2005,3,12,10,7,2,1,1,2,6,10,5,na,na,na,16,10,40,20,15,15,20
2005,4,12,12,5,2,1,1,2,0,0,0,na,na,na,8,6,45,20,20,20,20
2005,5,12,7,4,2,2,1,2,16,0,0,na,na,na,9,6,30,25,35,10,20
2006,1,18,8,4,2,3,2,0,na,na,na,na,na,na,12,20,60,50,50,40,50
2006,2,18,6,5,1,2,1,0,na,na,na,na,na,na,6,6,20,30,5,20,15
2006,3,18,8,4,1,2,1,1,2,10,na,na,na,na,15,10,30,15,20,30,30
2006,4,18,7,5,1,3,1,2,6,0,0,na,na,na,6,4,5,20,40,20,20
2006,5,18,7,5,2,3,2,2,4,0,0,na,na,na,6,12,40,30,20,25,30
2007,1,8,7,5,2,3,1,6,10,0,20,0,0,0,11,12,50,20,40,30,60
2007,2,8,5,5,1,3,1,9,5,10,0,20,20,0,6,4,25,20,30,0,0
2007,3,8,6,5,2,3,2,3,8,0,0,0,na,na,10,8,40,40,0,0,20
2007,4,8,8,5,2,3,3,3,6,0,0,10,na,na,16,6,0,30,10,0,0
2007,5,8,7,4,2,3,2,14,10,15,10,15,0,30,12,9,0,20,20,15,15
2008,1,22,10,6,3,3,2,0,0,na,na,na,na,na,28,20,0,0,0,10,0
2008,2,22,12,5,3,3,2,9,16,15,20,20,0,0,15,13,0,30,10,0,0
2008,3,22,8,6,2,3,1,2,7,5,30,na,na,na,16,5,5,20,0,0,0
2008,4,22,9,4,2,3,2,3,3,0,10,20,na,na,15,11,5,5,20,20,0
2008,5,22,8,5,3,3,1,6,7,30,30,0,0,20,22,11,20,0,30,40,0
2009,1,1,11,7,1,1,1,0,0,na,na,na,na,na,17,7,0,5,5,30,35
2009,2,1,11,6,1,1,1,4,5,0,0,10,10,na,6,5,15,20,20,10,10
2009,3,1,14,6,1,1,1,4,8,15,15,15,na,na,12,5,30,20,25,20,20
2009,4,1,6,5,1,1,1,1,2,15,na,na,na,na,11,6,5,40,0,5,5
2009,5,1,7,6,2,2,2,0,0,na,na,na,na,na,17,7,10,10,5,5,10
2010,1,13,6,4,1,1,1,5,10,0,0,0,5,5,10,4,30,30,25,20,25
2010,2,13,11,4,1,1,1,1,6,0,na,na,na,na,11,3,10,20,20,25,15
2010,3,13,13,7,2,3,3,11,6,5,5,0,0,5,24,8,20,25,20,25,30
2010,4,13,6,2,1,2,2,1,6,0,na,na,na,na,6,10,10,15,25,25,20
2010,5,13,7,4,1,1,1,0,0,na,na,na,na,na,13,10,20,15,15,15,20
2011,1,2,15,4,1,4,1,1,5,0,na,na,na,na,9,7,10,10,15,15,10
2011,2,2,16,6,1,2,1,3,6,30,35,30,na,na,6,11,15,15,10,10,10
2011,3,2,14,5,1,1,1,2,5,0,0,na,na,na,15,6,5,5,0,0,5
2011,4,2,14,6,1,1,1,2,6,5,5,na,na,na,15,9,5,5,10,10,5
2011,5,2,16,6,3,1,1,2,7,15,15,na,na,na,14,5,20,20,25,25,20
2012,1,19,12,7,3,2,1,0,0,na,na,na,na,na,34,4,5,5,20,15,15
2012,2,19,9,6,1,1,1,12,6,5,5,5,10,10,6,5,50,50,40,55,45
2012,3,19,7,4,3,2,3,0,0,na,na,na,na,na,34,8,0,0,10,10,5
2012,4,19,13,7,3,1,1,24,7,0,0,10,10,5,8,5,0,15,10,10,15
2012,5,19,8,6,3,na,2,0,0,na,na,na,na,na,30,6,10,10,15,15,5
2013,1,7,11,5,3,2,2,14,10,0,0,5,5,5,7,11,50,30,55,55,40
2013,2,7,12,6,2,1,1,0,0,na,na,na,na,na,12,8,25,30,20,20,15
2013,3,7,6,4,2,3,1,0,0,na,na,na,na,na,19,8,5,10,20,25,20
2013,4,7,8,6,3,3,3,0,0,na,na,na,na,na,26,5,15,15,20,20,45
2013,5,7,13,6,3,4,2,4,6,5,5,10,10,na,14,7,15,15,10,10,5
2014,1,24,12,4,1,1,1,1,4,5,na,na,na,na,6,4,0,0,5,5,5
2014,2,24,14,4,1,3,3,0,0,na,na,na,na,na,18,7,10,10,25,25,15
2014,3,24,11,8,2,4,2,3,6,0,0,5,na,na,16,7,5,5,15,10,10
2014,4,24,13,4,2,2,2,2,4,0,5,na,na,na,11,6,15,15,10,10,20
2014,5,24,9,3,3,3,3,0,0,na,na,na,na,na,13,4,10,5,5,5,5
2015,1,4,9,5,2,2,2,0,na,na,na,na,na,na,27,7,0,0,0,5,5
2015,2,4,10,6,2,2,1,15,6,5,5,5,10,10,8,5,40,45,60,65,40
2015,3,4,14,6,1,1,1,3,3,0,0,0,na,na,10,8,15,15,35,30,30
2015,4,4,12,6,2,2,2,6,8,5,5,5,5,10,16,7,10,10,15,15,10
2015,5,4,11,6,2,1,1,17,5,0,0,10,10,5,12,6,30,35,30,40,45
2016,1,14,14,3,2,3,2,2,7,20,20,na,na,na,12,5,0,10,10,20,30
2016,2,14,9,5,2,3,2,5,6,0,0,5,10,5,14,8,10,10,40,10,10
2016,3,14,10,3,2,2,2,7,5,5,5,10,5,0,11,12,10,20,0,10,30
2016,4,14,9,5,3,3,3,0,na,na,na,na,na,na,15,8,10,20,20,20,10
2016,5,14,9,8,2,3,3,1,4,0,na,na,na,na,15,12,0,0,0,40,5
2017,1,23,9,5,3,4,3,2,4,0,0,na,na,na,20,8,30,0,0,5,5
2017,2,23,9,4,3,2,1,0,na,na,na,na,na,na,23,8,20,20,10,25,10
2017,3,23,7,3,2,3,2,5,10,0,5,0,10,0,17,10,10,10,30,50,25
2017,4,23,7,5,3,3,2,0,na,na,na,na,na,na,22,13,5,10,10,10,0
2017,5,23,8,5,3,2,2,0,na,na,na,na,na,na,32,8,10,15,10,5,5
2018,1,11,6,4,1,1,1,2,4,0,0,na,na,na,19,5,5,5,5,10,10
2018,2,11,10,5,1,2,2,14,6,5,5,5,0,0,14,4,10,10,15,15,15
2018,3,11,7,5,2,1,1,3,4,0,0,0,0,na,10,4,10,10,15,15,10
2018,4,11,6,4,1,1,1,0,na,na,na,na,na,na,23,6,10,10,15,15,10
2018,5,11,9,5,1,2,4,4,3,15,15,15,10,na,17,5,10,10,15,15,10
2019,1,21,8,5,3,4,4,4,10,0,0,5,5,na,16,18,5,0,0,10,40
2019,2,21,9,10,2,4,2,0,na,na,na,na,na,na,13,8,10,20,20,25,25
2019,3,21,9,7,2,3,2,4,8,0,5,10,5,na,11,8,10,10,30,0,30
2019,4,21,9,4,3,3,2,5,12,0,0,5,10,5,12,15,20,5,10,20,35
2019,5,21,7,6,2,3,3,9,16,5,10,0,0,0,6,12,30,30,15,20,20
2020,1,10,8,6,3,3,2,3,15,5,0,0,na,na,19,14,40,40,30,30,30
2020,2,10,8,5,3,0,0,4,12,60,70,0,50,na,14,16,0,60,0,0,0
2020,3,10,8,5,2,3,3,0,na,na,na,na,na,na,24,10,20,20,0,25,15
2020,4,10,8,4,3,3,3,0,na,na,na,na,na,na,29,12,35,0,20,10,0
2020,5,10,9,5,3,2,2,3,9,0,20,20,na,na,18,12,20,10,20,0,25
2021,1,20,10,5,2,3,2,6,12,10,20,40,0,20,12,7,40,60,90,70,60
2021,2,20,11,5,1,3,1,2,6,30,0,na,na,na,15,14,0,15,15,0,5
2021,3,20,10,5,2,3,2,0,na,na,na,na,na,na,16,12,20,20,40,30,70
2021,4,20,9,6,1,5,1,2,9,0,0,na,na,na,11,9,5,0,30,20,20
2021,5,20,10,5,3,3,3,6,12,20,0,0,0,10,17,10,40,10,20,0,10
2022,1,3,7,5,1,3,3,11,5,0,0,0,0,10,10,8,0,20,15,50,30
2022,2,3,7,5,3,4,3,7,12,0,0,0,10,10,12,11,0,10,10,30,20
2022,3,3,10,6,3,3,3,5,14,0,0,30,0,0,12,15,10,0,20,30,10
2022,4,3,9,9,3,4,3,5,9,0,0,0,0,10,15,16,10,10,20,0,20
2022,5,3,8,5,2,3,2,0,na,na,na,na,na,na,14,12,20,30,20,0,20
2023,1,5,6,3,3,4,3,0,na,na,na,na,na,na,18,8,10,15,20,30,25
2023,2,5,7,5,2,3,2,0,na,na,na,na,na,na,17,10,0,5,10,30,40
2023,3,5,6,4,3,2,2,1,0,10,na,na,na,na,24,8,20,20,30,30,20
2023,4,5,6,3,3,3,3,0,na,na,na,na,na,na,24,10,10,20,20,30,40
2023,5,5,9,5,3,3,3,0,na,na,na,na,na,na,16,8,10,40,30,5,25
2024,1,15,14,10,3,4,3,0,na,na,na,na,na,na,17,16,5,0,40,10,30
2024,2,15,7,3,3,3,3,4,6,5,10,5,15,na,5,12,50,30,60,40,30
2024,3,15,10,7,2,3,2,4,2,0,0,0,0,na,9,10,20,30,20,15,15
2024,4,15,14,7,2,3,2,1,2,0,na,na,na,na,15,9,20,30,30,30,40
2024,5,15,10,9,3,3,3,0,na,na,na,na,na,na,28,12,0,0,20,20,10
3001,1,5,12,7,3,3,2,0,na,na,na,na,na,na,32,9,45,40,30,35,40
3001,2,5,10,6,2,1,1,22,7,30,30,35,20,25,8,7,0,0,10,10,0
3001,3,5,12,7,3,3,3,0,na,na,na,na,na,na,36,7,30,35,40,45,30
3001,4,5,9,4,2,3,2,0,na,na,na,na,na,na,16,5,15,15,30,30,15
3001,5,5,11,5,3,3,3,0,na,na,na,na,na,na,28,5,20,20,25,30,35
3002,1,17,8,4,3,3,2,5,14,5,0,0,0,0,15,15,40,20,20,20,50
3002,2,17,9,5,2,3,1,7,8,50,10,0,0,20,19,14,0,0,30,20,0
3002,3,17,7,5,3,3,3,6,10,0,0,0,10,0,12,13,20,0,20,0,30
3002,4,17,9,4,3,3,3,15,16,0,0,0,0,30,10,8,0,20,20,10,0
3002,5,17,8,5,3,4,2,9,21,40,0,0,0,20,20,16,30,35,30,0,0
3003,1,18,8,5,1,1,1,7,11,5,5,5,5,10,4,5,5,10,10,10,na
3003,2,18,12,6,1,1,1,1,6,40,na,na,na,na,8,8,30,35,40,45,40
3003,3,18,11,8,1,1,1,5,6,15,20,25,15,15,10,6,20,20,30,35,20
3003,4,18,14,6,1,1,3,4,4,15,15,15,15,na,8,3,0,0,5,5,10
3003,5,18,11,6,1,1,1,2,6,0,5,na,na,na,14,9,15,15,15,10,10
3004,1,6,9,4,1,1,1,5,2,15,0,0,0,10,7,10,20,35,30,35,40
3004,2,6,9,6,2,2,2,8,7,0,0,5,5,5,19,11,20,25,15,15,15
3004,3,6,7,4,1,1,1,0,na,na,na,na,na,na,15,9,5,15,15,20,20
3004,4,6,7,4,1,1,1,0,na,na,na,na,na,na,17,9,15,15,10,10,10
3004,5,6,11,6,1,1,1,11,5,5,5,5,5,10,14,7,35,30,30,40,40
3005,1,23,9,5,3,3,2,0,na,na,na,na,na,na,23,16,10,20,0,0,0
3005,2,23,8,5,3,3,2,1,11,0,na,na,na,na,23,13,5,0,0,20,30
3005,3,23,10,5,3,3,2,0,na,na,na,na,na,na,26,18,0,20,10,5,5
3005,4,23,8,5,3,3,2,0,na,na,na,na,na,na,25,9,10,10,0,0,20
3005,5,23,7,4,3,3,2,0,na,na,na,na,na,na,18,20,0,50,0,0,0
3006,1,8,14,6,1,3,1,1,8,0,na,na,na,na,5,6,0,0,5,5,0
3006,2,8,11,4,1,2,3,0,na,na,na,na,na,na,20,5,5,5,10,10,0
3006,3,8,11,6,1,2,3,0,na,na,na,na,na,na,14,4,0,0,5,5,5
3006,4,8,6,4,1,3,3,0,na,na,na,na,na,na,18,9,5,5,5,5,10
3006,5,8,8,6,1,2,1,4,10,0,5,5,5,na,15,7,35,30,40,45,30
3007,1,12,11,8,1,2,2,6,6,20,15,15,15,20,14,8,20,20,15,15,20
3007,2,12,6,4,1,1,1,6,7,0,5,5,5,5,11,8,0,0,0,0,0
3007,3,12,8,6,1,3,1,9,11,0,0,5,5,5,10,4,15,15,15,10,10
3007,4,12,10,6,1,3,2,15,10,10,10,5,5,5,16,8,5,15,40,40,45
3007,5,12,8,5,1,1,1,0,na,na,na,na,na,na,26,5,5,5,15,15,20
3008,1,1,14,5,1,4,3,4,10,0,0,0,0,na,16,5,0,0,5,5,0
3008,2,1,17,11,3,1,1,2,6,0,0,na,na,na,6,8,0,0,0,0,0
3008,3,1,11,6,1,3,1,5,7,5,5,5,0,0,16,11,0,5,5,5,5
3008,4,1,11,3,1,1,1,8,9,15,15,10,10,5,12,6,20,30,35,35,30
3008,5,1,7,3,1,2,1,0,na,na,na,na,na,na,18,5,5,5,0,0,5
3009,1,2,na,na,na,na,na,na,na,na,na,na,na,na,na,na,na,na,na,na,na
3009,2,2,na,na,na,na,na,na,na,na,na,na,na,na,na,na,na,na,na,na,na
3009,3,2,na,na,na,na,na,na,na,na,na,na,na,na,na,na,na,na,na,na,na
3009,4,2,na,na,na,na,na,na,na,na,na,na,na,na,na,na,na,na,na,na,na
3009,5,2,na,na,na,na,na,na,na,na,na,na,na,na,na,na,na,na,na,na,na
3010,1,4,11,6,3,4,3,6,12,0,0,0,10,5,20,16,5,10,0,0,20
3010,2,4,10,5,2,3,3,14,10,0,0,0,0,50,9,5,20,10,15,10,10
3010,3,4,10,4,3,3,2,5,14,0,0,0,25,0,25,17,20,30,5,0,10
3010,4,4,7,5,2,3,2,0,na,na,na,na,na,na,22,16,0,5,0,0,20
3010,5,4,11,5,3,3,3,12,14,0,0,0,0,0,20,14,20,0,15,0,10
3011,1,22,8,6,3,3,2,0,na,na,na,na,na,na,31,9,0,10,10,0,10
3011,2,22,6,4,2,3,2,4,12,0,0,0,0,na,24,9,10,5,0,0,30
3011,3,22,10,5,3,3,3,2,16,5,40,na,na,na,26,10,0,0,0,5,10
3011,4,22,10,3,2,3,2,3,5,0,0,0,na,na,20,9,0,10,20,0,20
3011,5,22,9,5,2,3,3,0,na,na,na,na,na,na,32,13,0,0,0,5,20
3012,1,24,10,4,1,3,1,2,11,20,0,na,na,na,10,13,0,0,0,15,20
3012,2,24,10,4,1,3,1,3,15,0,15,20,na,na,9,11,0,0,20,25,40
3012,3,24,11,5,2,3,1,1,12,40,na,na,na,na,15,14,0,40,30,30,20
3012,4,24,8,5,1,3,1,2,5,10,0,na,na,na,14,10,0,10,40,0,10
3012,5,24,8,5,1,3,3,4,8,20,30,20,10,na,13,13,0,0,0,0,10
3013,1,21,8,4,2,4,3,10,9,20,20,20,10,0,9,12,0,15,0,10,0
3013,2,21,10,5,2,3,3,4,11,0,0,20,0,na,14,8,10,0,0,20,30
3013,3,21,10,5,2,4,3,8,10,0,0,20,5,na,16,14,5,30,25,0,25
3013,4,21,8,4,3,3,2,9,10,0,0,15,10,0,19,10,0,0,0,20,0
3013,5,21,6,5,2,4,3,10,14,10,0,10,10,10,5,17,20,30,30,20,20
3014,1,3,9,5,1,3,1,15,10,0,0,0,10,10,14,14,10,5,30,30,20
3014,2,3,10,4,1,3,3,7,9,0,0,5,5,0,10,6,0,0,0,10,30
3014,3,3,9,4,1,3,1,9,6,0,20,0,0,0,12,16,20,0,0,20,20
3014,4,3,8,5,2,3,2,3,6,0,0,0,na,na,16,14,10,0,0,5,20
3014,5,3,9,4,2,3,1,0,na,na,na,na,na,na,22,12,0,20,0,5,60
3015,1,15,8,5,2,3,3,3,8,20,0,0,na,na,16,15,25,25,30,10,30
3015,2,15,9,5,3,4,3,0,na,na,na,na,na,na,22,11,0,0,10,0,0
3015,3,15,6,4,2,3,3,1,2,50,na,na,na,na,18,20,0,0,40,30,0
3015,4,15,11,5,2,4,2,8,13,0,20,10,0,0,16,12,10,20,60,40,40
3015,5,15,10,3,2,3,2,7,16,0,0,20,0,0,13,9,40,0,0,20,30
3016,1,20,12,8,2,2,1,14,8,0,0,0,0,5,11,5,15,20,25,10,20
3016,2,20,11,7,2,4,4,6,7,15,15,15,10,10,22,8,15,20,25,20,10
3016,3,20,8,6,3,4,4,1,9,0,na,na,na,na,18,11,5,5,0,0,0
3016,4,20,8,6,3,3,3,0,na,na,na,na,na,na,29,5,10,10,20,20,20
3016,5,20,9,6,1,2,2,16,5,0,0,5,5,0,5,7,0,5,5,0,5
3017,1,11,11,6,1,2,1,0,na,na,na,na,na,na,25,7,35,30,20,25,10
3017,2,11,8,6,1,1,1,0,na,na,na,na,na,na,26,7,0,0,10,10,5
3017,3,11,9,6,1,3,1,0,na,na,na,na,na,na,19,8,5,5,5,10,10
3017,4,11,8,4,2,2,1,14,5,5,5,5,0,0,9,6,30,30,35,40,35
3017,5,11,6,4,1,1,1,0,na,na,na,na,na,na,18,8,5,5,10,10,15
3018,1,19,8,5,1,1,1,0,na,na,na,na,na,na,20,4,0,0,15,15,10
3018,2,19,7,4,1,2,1,0,na,na,na,na,na,na,25,8,5,5,0,0,10
3018,3,19,9,4,1,1,1,22,14,15,15,10,10,15,8,4,20,25,20,25,20
3018,4,19,7,4,1,1,1,19,10,25,20,20,20,20,6,5,50,45,60,45,40
3018,5,19,6,4,1,1,1,0,na,na,na,na,na,na,23,9,30,30,35,35,30
3019,1,9,7,6,3,3,2,0,na,na,na,na,na,na,30,12,5,5,5,10,10
3019,2,9,11,5,4,3,3,24,13,0,5,10,5,10,22,8,35,35,30,25,50
3019,3,9,6,3,2,2,2,0,na,na,na,na,na,na,22,13,0,0,5,5,5
3019,4,9,7,4,2,2,2,0,na,na,na,na,na,na,21,9,0,0,5,5,5
3019,5,9,7,6,1,2,1,11,12,0,0,5,5,5,14,7,20,25,30,25,20
3020,1,10,6,4,2,2,1,0,na,na,na,na,na,na,34,8,15,15,15,20,15
3020,2,10,6,4,3,2,1,0,na,na,na,na,na,na,22,7,5,5,10,10,10
3020,3,10,11,6,3,1,1,0,na,na,na,na,na,na,26,5,10,10,10,15,15
3020,4,10,9,5,2,2,2,2,13,20,10,na,na,na,18,9,10,10,5,20,15
3020,5,10,7,4,3,3,1,0,na,na,na,na,na,na,32,14,10,10,15,10,10
3021,1,16,6,5,2,1,1,0,na,na,na,na,na,na,26,8,15,15,10,10,15
3021,2,16,7,5,1,1,1,17,6,0,0,5,5,0,19,9,10,15,10,15,15
3021,3,16,8,5,2,1,1,0,na,na,na,na,na,na,20,8,0,0,5,5,30
3021,4,16,11,6,1,1,1,3,14,0,0,0,na,na,10,8,10,10,15,15,10
3021,5,16,7,4,1,1,1,0,na,na,na,na,na,na,27,11,5,5,20,25,20
3022,1,7,na,na,na,na,na,na,na,na,na,na,na,na,na,na,na,na,na,na,na
3022,2,7,na,na,na,na,na,na,na,na,na,na,na,na,na,na,na,na,na,na,na
3022,3,7,na,na,na,na,na,na,na,na,na,na,na,na,na,na,na,na,na,na,na
3022,4,7,na,na,na,na,na,na,na,na,na,na,na,na,na,na,na,na,na,na,na
3022,5,7,na,na,na,na,na,na,na,na,na,na,na,na,na,na,na,na,na,na,na
3023,1,13,7,4,1,2,1,3,13,0,0,0,na,na,9,19,20,35,30,15,10
3023,2,13,5,3,1,4,2,2,18,0,0,na,na,na,15,11,40,30,20,30,25
3023,3,13,5,2,1,3,1,4,14,0,0,5,20,na,8,6,0,40,50,25,60
3023,4,13,6,4,2,3,3,5,16,0,0,0,0,0,18,15,0,0,0,20,10
3023,5,13,6,4,2,3,3,5,10,0,0,0,15,5,11,11,5,0,0,10,0
3024,1,14,5,5,2,3,3,0,na,na,na,na,na,na,17,16,0,0,5,5,5
3024,2,14,7,4,2,3,4,0,na,na,na,na,na,na,24,8,0,0,10,10,10
3024,3,14,7,4,3,3,3,19,18,0,0,0,5,0,13,20,0,10,20,50,0
3024,4,14,5,5,1,3,2,0,na,na,na,na,na,na,20,15,0,0,10,20,10
3024,5,14,5,4,3,3,3,0,na,na,na,na,na,na,21,19,55,10,10,0,10
4001,1,17,10,4,3,2,2,0,0,na,na,na,na,na,16,6,0,0,5,5,30
4001,2,17,9,6,2,3,3,0,0,na,na,na,na,na,28,7,0,0,5,5,10
4001,3,17,9,6,3,3,2,0,0,na,na,na,na,na,26,9,0,15,15,15,10
4001,4,17,9,5,2,3,2,5,4,0,0,5,5,na,16,13,5,5,0,0,20
4001,5,17,10,6,4,4,3,1,2,0,na,na,na,na,23,8,15,15,10,10,10
4002,1,24,14,8,1,3,2,2,14,0,0,na,na,na,10,4,35,30,55,40,40
4002,2,24,11,5,1,1,1,1,3,0,na,na,na,na,9,6,40,45,50,55,40
4002,3,24,10,9,1,3,2,3,10,5,5,0,na,na,7,4,10,10,15,15,10
4002,4,24,7,6,1,1,1,15,17,0,0,5,5,5,7,5,0,5,10,10,15
4002,5,24,7,6,1,1,1,2,3,15,15,0,na,na,5,8,40,50,35,40,35
4003,1,3,11,6,3,3,3,27,8,0,0,5,5,0,11,7,10,10,15,10,15
4003,2,3,12,6,2,4,2,7,14,5,5,0,0,5,12,7,0,0,10,10,5
4003,3,3,12,6,2,4,3,9,13,0,0,0,0,0,10,6,20,35,35,30,40
4003,4,3,11,8,3,4,4,0,0,na,na,na,na,na,25,9,0,0,5,5,10
4003,5,3,12,6,3,4,3,0,0,na,na,na,na,na,27,8,15,15,10,10,5
4004,1,8,10,6,1,3,2,0,0,na,na,na,na,na,27,15,15,10,10,10,10
4004,2,8,9,11,1,2,2,15,6,0,0,5,5,0,9,16,10,10,15,15,10
4004,3,8,9,7,1,3,2,1,6,0,na,na,na,na,19,11,20,20,25,25,30
4004,4,8,8,6,4,3,4,0,0,na,na,na,na,na,22,23,0,20,25,20,20
4004,5,8,7,4,3,3,4,1,9,0,na,na,na,na,15,11,0,0,20,20,20
4005,1,19,8,4,3,2,3,12,12,0,5,5,0,5,16,4,10,30,30,10,20
4005,2,19,9,4,3,3,2,0,na,na,na,na,na,na,34,8,0,10,20,35,40
4005,3,19,9,3,4,3,3,2,10,0,0,na,na,na,32,16,0,5,50,50,50
4005,4,19,11,7,4,3,2,4,16,0,5,10,0,na,22,14,30,20,40,50,45
4005,5,19,9,7,2,3,2,0,na,na,na,na,na,na,27,16,10,15,30,30,20
4006,1,6,8,8,3,3,3,3,6,0,0,0,na,na,19,14,10,5,0,40,20
4006,2,6,9,7,3,2,3,0,na,na,na,na,na,na,24,12,10,5,30,35,10
4006,3,6,12,6,3,3,4,6,8,0,0,5,10,5,27,22,5,20,20,20,30
4006,4,6,9,6,3,3,3,12,14,0,0,0,0,0,25,8,20,25,30,30,40
4006,5,6,9,6,1,3,3,0,na,na,na,na,na,na,22,8,20,30,20,20,20
4007,1,23,9,6,3,4,3,0,na,na,na,na,na,na,28,8,10,35,40,30,30
4007,2,23,12,7,2,3,2,2,10,0,5,na,na,na,25,6,0,5,10,10,15
4007,3,23,9,4,3,4,4,8,14,10,5,0,20,5,22,16,30,40,30,20,20
4007,4,23,12,4,3,3,1,6,4,0,10,5,0,5,26,10,20,25,20,15,40
4007,5,23,10,7,3,3,3,3,6,20,15,10,na,na,25,13,20,0,10,5,10
4008,1,5,9,5,3,2,1,0,na,na,na,na,na,na,22,12,20,40,60,25,40
4008,2,5,9,5,3,2,2,0,na,na,na,na,na,na,25,8,0,5,10,30,25
4008,3,5,10,8,2,3,2,5,4,0,0,0,0,0,19,14,5,0,10,20,10
4008,4,5,8,4,2,2,1,0,na,na,na,na,na,na,14,12,0,10,5,25,45
4008,5,5,7,3,2,1,1,5,6,0,5,0,10,0,14,10,5,20,40,30,20
4009,1,22,10,5,1,2,1,2,6,0,0,na,na,na,17,6,20,25,30,40,10
4009,2,22,11,5,1,2,1,0,na,na,na,na,na,na,18,8,10,15,20,10,20
4009,3,22,12,5,3,2,1,4,12,0,0,na,na,na,17,10,30,30,25,10,30
4009,4,22,7,3,3,3,3,6,6,0,0,0,0,0,11,8,30,25,25,30,30
4009,5,22,10,6,3,2,2,0,na,na,na,na,na,na,29,4,0,15,25,30,35
4010,1,16,7,3,3,3,3,0,na,na,na,na,na,na,18,6,0,0,0,10,30
4010,2,16,7,4,3,1,2,3,6,10,10,10,na,na,22,20,20,20,30,25,45
4010,3,16,9,7,3,3,3,0,na,na,na,na,na,na,29,8,10,5,0,30,20
4010,4,16,9,4,3,3,3,0,na,na,na,na,na,na,18,12,20,10,30,30,40
4010,5,16,6,4,2,3,3,0,na,na,na,na,na,na,26,16,10,20,20,20,20
4011,1,11,9,5,1,1,1,15,8,5,5,5,0,0,11,3,20,25,20,20,25
4011,2,11,8,6,2,3,3,16,9,0,0,5,5,0,10,9,40,40,45,50,50
4011,3,11,7,6,1,1,1,12,9,0,0,0,5,5,3,5,40,45,40,na,na
4011,4,11,9,6,2,2,1,3,14,0,0,5,na,na,15,11,0,0,5,5,10
4011,5,11,9,7,1,1,1,17,8,0,0,5,5,5,4,6,20,20,25,25,na
4012,1,12,9,6,3,3,3,19,6,5,5,0,0,5,11,7,10,10,10,15,15
4012,2,12,9,6,3,3,3,0,0,na,na,na,na,na,25,14,25,25,25,20,30
4012,3,12,9,8,3,3,3,7,5,5,5,15,15,10,16,6,10,15,15,15,20
4012,4,12,9,6,3,3,3,0,0,na,na,na,na,na,17,12,0,0,5,5,0
4012,5,12,12,8,3,2,2,8,8,0,0,5,5,5,17,8,0,0,0,0,5
4013,1,1,9,6,4,3,4,0,na,na,na,na,na,na,15,17,0,5,5,15,15
4013,2,1,11,7,4,4,3,5,11,5,5,0,0,0,30,7,5,5,0,0,5
4013,3,1,9,6,4,4,4,0,na,na,na,na,na,na,28,8,5,5,0,0,25
4013,4,1,11,6,4,4,4,0,na,na,na,na,na,na,39,18,40,45,50,55,20
4013,5,1,12,6,3,3,3,0,na,na,na,na,na,na,32,8,0,0,0,5,5
4014,1,14,7,5,1,3,2,7,8,0,0,5,0,0,13,10,10,40,20,40,40
4014,2,14,8,6,1,2,1,0,na,na,na,na,na,na,25,8,5,40,15,5,20
4014,3,14,8,6,3,3,3,5,6,30,20,10,5,na,16,8,20,30,60,65,45
4014,4,14,7,5,2,3,3,1,4,0,na,na,na,na,12,4,20,40,20,40,5
4014,5,14,9,7,1,1,2,4,6,0,0,0,0,0,12,4,5,0,10,20,0
4015,1,21,11,5,3,4,3,4,5,30,30,35,50,na,20,12,5,5,5,5,5
4015,2,21,7,5,3,3,3,0,na,na,na,na,na,na,18,11,5,5,5,5,15
4015,3,21,6,4,1,2,1,2,6,0,0,na,na,na,11,8,5,5,5,10,10
4015,4,21,9,6,3,3,3,12,11,5,5,5,5,0,17,9,10,10,15,10,10
4015,5,21,9,6,3,3,3,10,13,0,0,5,5,5,12,13,20,20,25,25,20
4016,1,2,10,6,3,4,3,1,4,0,na,na,na,na,13,0,0,0,5,10,30
4016,2,2,9,3,3,4,4,6,16,0,10,10,10,na,6,8,30,30,30,20,20
4016,3,2,9,4,3,2,2,12,12,0,0,0,0,0,18,16,0,0,10,0,5
4016,4,2,10,4,2,3,1,5,4,0,0,0,0,0,8,12,0,30,50,70,10
4016,5,2,11,7,3,4,4,1,12,0,na,na,na,na,18,16,20,20,30,10,40
4017,1,7,9,7,4,3,3,2,16,5,5,na,na,na,18,22,20,50,20,60,40
4017,2,7,9,6,3,3,3,14,12,0,0,0,5,0,9,4,20,20,40,30,40
4017,3,7,7,6,4,3,2,0,na,na,na,na,na,na,25,16,10,20,30,20,25
4017,4,7,9,4,1,3,1,2,4,10,10,na,na,na,8,10,20,10,15,10,20
4017,5,7,10,6,4,3,3,4,12,0,0,0,0,na,28,16,10,10,20,30,20
4018,1,20,10,3,1,3,1,5,6,0,0,0,0,0,12,6,0,0,0,40,0
4018,2,20,8,6,3,3,3,12,16,5,10,0,5,10,14,8,20,40,50,60,60
4018,3,20,8,4,1,2,1,9,8,5,5,0,0,5,10,8,0,5,10,10,20
4018,4,20,10,6,1,2,1,4,6,0,0,0,0,na,14,8,10,10,20,40,20
4018,5,20,8,6,1,1,1,10,14,0,0,0,0,0,7,4,30,30,40,30,30
4019,1,9,7,5,3,3,3,2,8,0,0,na,na,na,17,10,0,10,5,5,0
4019,2,9,7,4,3,4,4,0,na,na,na,na,na,na,14,12,20,5,0,20,30
4019,3,9,9,4,3,3,2,0,na,na,na,na,na,na,24,12,30,40,30,20,25
4019,4,9,7,3,3,3,3,4,10,0,5,5,5,na,14,8,30,30,20,40,30
4019,5,9,11,6,2,3,3,2,8,0,0,na,na,na,14,14,0,10,20,10,15
4020,1,4,13,6,3,2,2,18,14,0,0,0,0,0,15,11,30,30,35,35,30
4020,2,4,11,6,3,4,3,19,7,25,25,25,30,30,8,9,15,15,15,15,15
4020,3,4,11,6,2,3,2,8,16,0,0,5,5,5,9,16,25,25,25,20,20
4020,4,4,13,8,2,2,1,17,11,20,20,25,25,20,9,8,0,0,0,5,5
4020,5,4,8,6,2,4,1,10,8,0,0,5,5,5,10,5,30,35,30,30,35
4021,1,13,10,6,1,3,1,0,na,na,na,na,na,na,12,6,20,0,60,20,10
4021,2,13,8,3,1,3,3,0,na,na,na,na,na,na,17,12,0,10,15,10,15
4021,3,13,8,3,1,3,2,3,6,5,10,5,na,na,8,12,20,30,40,10,10
4021,4,13,12,4,1,2,1,2,12,5,0,na,na,na,12,8,20,25,20,40,20
4021,5,13,6,3,1,3,3,2,8,10,5,na,na,na,8,12,50,40,70,60,80
4022,1,15,10,7,1,4,3,0,na,na,na,na,na,na,16,16,20,20,20,50,50
4022,2,15,9,6,6,1,3,4,5,4,0,10,5,0,14,8,10,20,10,30,20
4022,3,15,5,4,1,3,3,3,16,10,5,0,na,na,14,8,10,30,50,50,30
4022,4,15,9,6,1,4,4,1,10,0,na,na,na,na,21,4,0,0,20,30,20
4022,5,15,9,9,4,3,3,12,14,0,10,0,0,5,11,6,10,0,0,20,5
4023,1,18,9,4,1,4,3,4,12,0,0,0,0,0,14,6,0,50,50,40,40
4023,2,18,12,3,1,3,1,0,na,na,na,na,na,na,16,8,0,0,0,0,30
4023,3,18,9,4,1,2,1,2,18,15,15,na,na,na,14,10,10,20,20,30,60
4023,4,18,7,4,1,4,4,5,10,0,0,0,0,0,14,6,10,0,10,40,30
4023,5,18,8,3,1,3,1,1,8,0,na,na,na,na,13,8,10,30,40,10,40
4024,1,10,11,5,3,3,3,3,11,0,0,5,na,na,16,8,45,50,40,45,40
4024,2,10,15,8,1,1,1,4,12,0,0,5,5,na,17,7,5,5,5,5,10
4024,3,10,10,6,1,1,1,0,0,na,na,na,na,na,18,15,25,25,30,30,35
4024,4,10,7,7,3,3,3,0,0,na,na,na,na,na,23,14,5,5,0,0,0
4024,5,10,9,6,3,2,3,0,0,na,na,na,na,na,25,15,0,0,5,5,0
101,1,na,11,6,2,2,2,1,7,15,na,na,na,na,23,11,5,5,0,5,5
101,2,na,11,6,2,2,2,0,na,na,na,na,na,na,24,9,15,15,20,25,25
101,3,na,11,6,2,2,3,0,na,na,na,na,na,na,26,12,0,0,20,20,30
101,4,na,8,4,1,1,3,8,0,0,0,0,5,0,6,7,0,0,0,0,0
101,5,na,6,3,1,1,1,8,3,0,0,5,5,5,7,8,0,25,60,65,50
102,1,na,5,6,3,4,3,16,10,5,5,10,10,20,11,12,10,10,15,20,20
102,2,na,7,8,3,3,2,0,na,na,na,na,na,na,22,14,10,20,20,20,30
102,3,na,6,6,2,3,2,9,12,5,5,10,5,10,14,8,30,10,15,15,20
102,4,na,7,8,2,3,3,12,7,5,10,15,10,10,12,10,10,10,20,20,20
102,5,na,7,7,2,3,2,10,9,0,0,5,5,10,16,10,10,10,10,25,10
103,1,na,10,9,2,3,2,32,10,5,5,10,10,45,18,10,10,15,10,30,20
103,2,na,9,8,1,3,2,16,9,5,5,10,10,30,16,6,30,30,20,20,10
103,3,na,9,10,3,3,3,22,10,0,0,10,10,20,14,7,10,10,20,40,30
103,4,na,5,7,2,3,2,15,9,0,0,5,20,10,23,8,30,20,20,10,15
103,5,na,5,6,2,3,2,13,6,5,5,10,10,10,22,8,15,35,20,20,25
104,1,na,7,5,2,3,1,6,6,10,0,0,0,0,10,10,0,0,0,10,10
104,2,na,8,7,1,1,1,0,na,na,na,na,na,na,19,6,10,20,0,5,10
104,3,na,7,6,2,3,1,4,8,0,0,0,0,na,12,8,20,0,0,30,0
104,4,na,5,6,1,1,1,8,10,0,0,0,0,0,13,8,30,5,5,40,30
104,5,na,6,5,2,1,1,0,na,na,na,na,na,na,26,10,20,20,5,10,40
201,1,na,13,9,2,3,2,2,3,0,0,na,na,na,23,4,0,0,10,0,0
201,2,na,6,3,2,2,2,0,na,na,na,na,na,na,18,6,5,0,10,0,5
201,3,na,7,4,2,3,3,0,na,na,na,na,na,na,8,21,10,20,30,20,10
201,4,na,9,7,2,3,1,12,4,5,0,0,10,0,8,8,10,40,30,20,10
201,5,na,9,5,2,3,2,0,na,na,na,na,na,na,18,8,0,0,5,0,0
202,1,na,7,6,3,2,3,0,na,na,na,na,na,na,19,11,0,0,30,30,45
202,2,na,11,6,1,1,0,na,na,na,na,na,na,na,11,12,35,30,40,35,30
202,3,na,10,6,1,2,1,3,7,0,5,5,na,na,14,10,20,15,25,20,20
202,4,na,8,6,1,2,2,5,8,0,0,5,5,0,8,6,40,45,45,40,50
202,5,na,9,6,3,3,2,1,9,0,na,na,na,na,24,8,20,20,20,10,10
203,1,na,11,6,3,2,3,17,7,35,30,35,30,30,12,9,20,20,20,30,20
203,2,na,7,6,2,2,2,0,na,na,na,na,na,na,28,6,15,15,10,15,15
203,3,na,7,6,1,2,1,1,7,5,na,na,na,na,17,8,25,30,35,20,20
203,4,na,7,6,2,2,1,0,na,na,na,na,na,na,17,8,25,25,50,50,35
203,5,na,11,6,3,2,2,0,na,na,na,na,na,na,24,9,35,35,40,50,45
204,1,na,na,na,na,na,na,na,na,na,na,na,na,na,na,na,na,na,na,na,na
204,2,na,11,6,2,3,2,8,11,0,0,0,0,0,14,5,10,10,15,15,10
204,3,na,9,6,2,2,2,9,8,0,0,0,5,5,15,6,15,15,15,15,20
204,4,na,9,6,2,3,2,22,11,15,15,10,10,10,8,8,15,15,20,15,20
204,5,na,6,4,2,3,2,0,na,na,na,na,na,na,20,17,10,10,15,15,10
301,1,na,7,5,2,1,1,5,12,0,0,5,20,15,9,8,50,40,30,5,10
301,2,na,6,4,3,3,3,0,na,na,na,na,na,na,14,8,10,20,20,50,20
301,3,na,7,4,4,3,4,8,10,0,5,10,10,5,15,13,20,20,5,0,0
301,4,na,7,3,3,3,3,0,na,na,na,na,na,na,15,12,20,10,20,20,30
301,5,na,7,4,2,2,1,3,4,0,0,0,na,na,14,5,5,20,20,50,50
302,1,na,8,6,3,4,3,0,na,na,na,na,na,na,15,7,5,5,5,5,5
302,2,na,9,6,2,2,2,0,na,na,na,na,na,na,22,8,0,0,0,5,5
302,3,na,7,6,1,1,1,0,na,na,na,na,na,na,31,13,0,0,5,5,5
302,4,na,8,6,1,3,2,0,na,na,na,na,na,na,22,14,0,0,5,5,0
302,5,na,9,6,2,4,3,14,11,0,0,5,5,5,19,11,20,45,45,40,20
303,1,na,9,6,2,3,3,7,12,0,0,0,0,0,7,6,5,30,20,10,10
303,2,na,10,6,2,4,3,3,10,0,0,10,na,na,8,10,20,20,20,10,30
303,3,na,9,6,3,2,2,8,14,0,0,0,0,0,12,8,0,5,20,15,10
303,4,na,9,4,3,2,2,0,na,na,na,na,na,na,11,12,10,10,15,20,20
303,5,na,8,5,4,3,2,0,na,na,na,na,na,na,13,14,5,10,20,30,30
304,1,na,11,8,3,2,2,0,na,na,na,na,na,na,24,7,0,0,0,5,10
304,2,na,9,6,4,4,3,0,na,na,na,na,na,na,20,10,0,0,10,10,10
304,3,na,7,5,3,4,3,0,na,na,na,na,na,na,30,9,0,5,5,0,0
304,4,na,7,4,3,2,3,0,na,na,na,na,na,na,32,9,0,5,5,5,0
304,5,na,7,6,1,2,1,0,na,na,na,na,na,na,26,11,0,0,5,5,0
401,1,na,9,7,1,2,1,2,3,0,0,na,na,na,11,14,40,30,45,30,40
401,2,na,9,8,1,2,2,5,7,15,15,20,20,10,17,10,50,35,35,20,20
401,3,na,9,6,1,3,2,16,11,30,20,25,20,20,11,7,15,45,40,45,50
401,4,na,11,9,1,3,3,13,9,0,0,5,5,0,15,11,40,35,30,35,50
401,5,na,10,6,2,2,3,18,15,20,20,25,25,20,15,8,45,40,15,15,45
402,1,na,8,6,3,2,1,4,8,0,0,5,0,na,13,8,0,5,5,10,15
402,2,na,9,7,2,3,3,0,na,na,na,na,na,na,16,6,20,20,50,40,30
402,3,na,10,6,1,2,1,0,na,na,na,na,na,na,9,6,10,10,10,30,20
402,4,na,9,4,3,3,3,4,8,0,20,5,na,na,8,10,10,20,40,30,20
402,5,na,5,4,1,3,1,1,12,0,na,na,na,na,7,9,0,20,30,10,5
403,1,na,8,6,3,3,1,0,na,na,na,na,na,na,34,6,0,0,20,10,40
403,2,na,13,8,3,3,3,11,16,0,0,0,0,0,26,8,0,0,10,5,20
403,3,na,11,8,3,3,3,0,na,na,na,na,na,na,30,8,10,20,20,30,30
403,4,na,12,8,1,2,1,12,14,0,5,10,5,5,14,8,10,30,10,5,30
403,5,na,9,8,3,3,2,0,na,na,na,na,na,na,21,8,30,40,30,40,40
404,1,na,6,4,2,2,2,0,na,na,na,na,na,na,30,14,0,0,5,5,5
404,2,na,6,3,2,3,3,0,na,na,na,na,na,na,28,16,15,15,15,10,10
404,3,na,7,6,4,3,3,0,na,na,na,na,na,na,25,13,0,0,10,10,5
404,4,na,6,4,2,2,3,0,na,na,na,na,na,na,0,0,20,40,40,55,50
404,5,na,7,5,3,3,3,0,na,na,na,na,na,na,28,14,0,0,0,5,5
101,1,18,8,5,3,2,2,0,na,na,na,na,na,na,37,9,10,10,15,20,25
101,2,18,9,4,3,3,2,0,na,na,na,na,na,na,28,10,20,25,30,35,40
101,3,18,11,10,4,3,3,2,4,0,10,na,na,na,35,10,20,20,25,30,35
101,4,18,12,7,4,3,2,6,3,0,0,5,5,5,36,8,10,10,25,30,40
101,5,18,7,5,3,2,2,0,na,na,na,na,na,na,32,9,0,0,5,10,20
102,1,5,6,3,3,2,2,8,8,5,5,10,10,10,21,9,10,20,20,25,30
102,2,5,8,5,3,3,3,3,4,5,5,10,na,na,17,10,10,10,20,20,20
102,3,5,4,3,3,3,3,0,na,na,na,na,na,na,23,10,10,10,20,20,25
102,4,5,8,5,3,3,2,0,na,na,na,na,na,na,23,6,5,5,10,20,20
102,5,5,9,4,3,3,2,0,na,na,na,na,na,na,19,9,20,15,30,35,40
103,1,12,5,5,3,3,2,7,7,0,0,5,5,10,18,9,5,10,30,30,20
103,2,12,10,6,3,3,3,6,8,0,0,5,5,5,18,8,10,20,20,25,30
103,3,12,9,7,3,3,3,0,na,na,na,na,na,na,32,10,10,10,15,20,25
103,4,12,9,7,3,3,3,8,10,0,5,10,10,5,18,8,20,30,35,40,20
103,5,12,9,5,3,3,3,3,5,0,0,5,na,na,23,8,20,25,30,40,40
104,1,20,12,4,2,2,2,2,6,0,0,na,na,na,19,18,0,0,10,5,15
104,2,20,8,5,3,2,3,3,10,0,0,0,na,na,20,17,10,10,0,0,5
104,3,20,9,5,2,2,2,4,6,0,0,0,0,na,21,8,0,0,20,20,20
104,4,20,12,6,2,2,1,4,6,0,0,5,0,na,17,18,0,20,30,20,15
104,5,20,13,5,2,2,1,2,8,0,0,na,na,na,19,12,0,0,0,5,10
105,1,10,8,4,3,4,3,2,4,0,5,na,na,na,18,14,0,0,20,15,20
105,2,10,8,5,3,3,3,1,14,0,na,na,na,na,28,12,0,0,0,20,15
105,3,10,9,4,3,3,3,2,3,0,0,na,na,na,19,18,0,35,20,30,20
105,4,10,7,3,3,4,3,3,10,0,0,0,na,na,19,8,0,0,20,10,5
105,5,10,11,5,3,2,2,2,12,0,0,na,na,na,17,6,10,5,15,30,30
106,1,8,13,6,3,3,2,3,12,0,0,0,na,na,16,12,0,30,15,40,30
106,2,8,10,5,4,3,4,4,8,0,0,0,0,na,15,16,0,5,5,10,15
106,3,8,11,5,3,3,2,4,8,0,0,10,0,na,18,12,20,10,10,10,15
106,4,8,11,8,3,3,1,6,16,0,0,0,15,0,13,12,0,0,30,10,30
106,5,8,8,4,3,2,2,5,14,0,0,0,0,0,10,8,20,10,20,15,20
107,1,3,8,4,2,1,1,5,14,0,0,15,5,5,9,8,10,30,15,20,10
107,2,3,10,5,2,3,3,4,12,0,0,0,0,na,7,8,0,0,0,5,0
107,3,3,10,5,3,4,4,0,na,na,na,na,na,na,17,10,0,0,20,25,20
107,4,3,8,5,2,2,2,3,14,10,0,0,na,na,16,6,20,20,30,30,40
107,5,3,10,6,3,3,4,0,na,na,na,na,na,na,17,12,0,0,0,20,0
108,1,17,9,5,2,2,3,8,8,0,0,0,0,0,7,5,0,0,5,10,20
108,2,17,11,3,2,2,3,1,16,0,na,na,na,na,11,10,25,20,20,10,10
108,3,17,10,5,3,3,3,2,12,0,0,na,na,na,14,8,0,10,20,25,20
108,4,17,11,5,2,3,1,4,8,0,0,0,0,na,13,6,0,30,30,30,30
108,5,17,9,5,3,4,4,1,3,0,na,na,na,na,15,15,10,5,5,20,20
109,1,15,10,5,3,3,3,6,5,0,0,5,10,10,13,7,10,25,30,40,20
109,2,15,13,5,3,3,2,4,6,5,5,10,10,na,21,8,5,10,20,20,25
109,3,15,10,4,3,2,2,5,7,0,0,5,5,10,16,7,5,20,20,25,30
109,4,15,9,5,3,3,3,10,8,0,0,5,5,10,17,5,10,10,20,25,35
109,5,15,10,7,3,3,3,9,9,0,0,5,5,5,15,8,10,20,20,25,25
110,1,4,10,5,3,4,3,2,10,40,20,na,na,na,16,10,10,10,5,5,10
110,2,4,11,5,3,3,4,0,na,na,na,na,na,na,23,13,0,40,0,5,0
110,3,4,9,4,3,4,3,7,5,0,5,0,5,10,18,10,0,10,0,10,20
110,4,4,9,4,2,4,2,0,na,na,na,na,na,na,22,9,0,5,0,5,20
110,5,4,12,5,2,4,3,12,10,30,0,0,0,0,15,12,0,0,10,35,0
111,1,11,8,6,3,3,3,0,na,na,na,na,na,na,31,10,10,20,20,25,30
111,2,11,10,8,3,4,3,0,na,na,na,na,na,na,24,9,5,10,20,30,35
111,3,11,6,4,1,3,3,0,na,na,na,na,na,na,17,9,10,15,30,40,50
111,4,11,9,5,2,2,1,6,8,0,0,0,5,5,10,7,20,20,30,35,20
111,5,11,10,8,2,4,2,6,8,0,0,0,5,5,18,6,10,10,25,30,40
112,1,7,8,5,3,3,3,7,12,10,15,15,20,25,20,9,20,30,35,40,45
112,2,7,5,4,2,2,1,6,8,na,20,20,10,15,17,7,20,25,30,35,40
112,3,7,7,5,2,2,1,4,8,10,20,20,25,na,13,10,5,10,20,20,25
112,4,7,6,4,2,2,1,0,na,na,na,na,na,na,23,11,20,20,25,40,30
112,5,7,10,8,3,1,1,8,7,5,10,15,15,10,16,7,10,15,20,20,35
113,1,16,12,10,2,3,2,0,na,na,na,na,na,na,21,7,20,20,15,15,30
113,2,16,10,8,3,3,2,0,na,na,na,na,na,na,18,8,5,10,15,25,30
113,3,16,11,7,3,3,3,6,7,0,0,5,5,10,20,7,10,10,20,30,35
113,4,16,10,5,3,3,3,0,na,na,na,na,na,na,20,8,0,0,5,10,5
113,5,16,10,8,3,3,3,7,6,0,0,5,5,5,23,8,10,20,25,30,40
114,1,13,8,4,2,3,2,2,8,10,10,na,na,na,14,8,10,10,5,5,0
114,2,13,8,4,2,1,1,0,na,na,na,na,na,na,17,10,0,0,15,10,15
114,3,13,9,5,3,3,1,6,12,20,30,0,20,20,12,8,30,20,20,20,20
114,4,13,13,8,2,3,4,4,12,20,0,0,20,na,13,6,0,0,0,0,20
114,5,13,8,5,2,3,1,4,12,0,10,10,20,na,9,10,20,15,0,5,0
115,1,19,10,4,3,2,1,4,4,5,0,0,0,na,18,8,20,20,50,30,20
115,2,19,9,4,3,2,2,5,12,0,0,10,5,5,14,12,50,60,50,50,40
115,3,19,11,5,3,3,3,0,na,na,na,na,na,na,19,10,0,0,0,40,30
115,4,19,10,5,3,3,2,5,8,0,0,0,0,0,19,8,30,30,35,20,25
115,5,19,9,6,4,4,3,3,12,0,0,0,na,na,20,14,10,15,10,40,35
116,1,2,5,3,2,2,2,1,6,10,na,na,na,na,16,10,20,30,0,15,20
116,2,2,10,6,3,3,3,2,12,10,0,na,na,na,19,12,10,5,10,15,20
116,3,2,8,6,3,3,2,0,na,na,na,na,na,na,15,10,20,0,20,20,10
116,4,2,10,6,2,3,1,4,9,0,0,20,0,na,10,8,20,30,20,30,5
116,5,2,10,5,3,4,4,0,na,na,na,na,na,na,29,10,0,5,20,20,15
117,1,9,10,7,3,3,4,2,16,0,10,na,na,na,15,8,20,20,30,30,5
117,2,9,9,8,2,3,3,1,8,0,na,na,na,na,11,10,20,40,40,10,5
117,3,9,10,6,3,4,3,5,13,30,30,0,0,0,8,6,0,0,15,20,20
117,4,9,8,4,2,2,1,1,10,0,na,na,na,na,15,7,5,10,15,10,5
117,5,9,12,4,4,4,5,6,12,0,10,0,5,10,14,10,10,20,15,25,20
118,1,14,10,8,3,4,3,8,10,0,5,5,10,10,21,6,20,20,25,30,35
118,2,14,9,8,3,2,2,9,10,0,20,5,10,15,19,6,20,25,30,30,35
118,3,14,10,6,3,3,3,5,9,0,5,10,5,10,13,5,10,15,30,20,40
118,4,14,10,5,3,4,3,4,5,0,0,5,5,na,22,6,20,25,30,35,50
118,5,14,10,5,3,4,3,6,8,0,0,5,5,10,15,7,20,20,30,15,35
119,1,6,5,5,3,1,1,0,na,na,na,na,na,na,42,9,10,0,30,5,10
119,2,6,8,8,2,1,1,11,8,20,0,10,0,5,10,5,5,20,0,0,15
119,3,6,9,4,3,2,2,10,12,0,0,0,10,0,21,7,5,0,0,10,0
119,4,6,8,5,3,3,2,16,10,5,0,0,0,0,13,6,0,5,20,15,20
119,5,6,10,4,3,3,2,14,5,5,0,0,0,5,17,6,0,10,5,40,50
120,1,1,5,4,3,3,3,0,na,na,na,na,na,na,35,6,15,5,5,15,20
120,2,1,6,3,3,3,3,3,10,0,0,0,na,na,29,9,20,5,15,30,30
120,3,1,6,4,2,3,2,9,5,5,0,0,5,0,11,9,20,10,5,20,20
120,4,1,8,5,2,3,1,8,11,10,0,0,15,5,11,7,5,10,15,10,40
120,5,1,8,5,3,4,3,1,4,20,na,na,na,na,28,12,5,0,10,20,15
201,1,9,10,4,3,3,3,2,6,0,0,na,na,na,12,8,10,10,20,20,20
201,2,9,14,8,3,3,3,8,12,0,0,20,20,25,15,8,25,30,25,15,20
201,3,9,11,8,3,3,3,0,na,na,na,na,na,na,16,16,30,30,30,20,20
201,4,9,8,3,2,3,3,8,8,0,0,0,0,0,8,6,30,10,10,10,10
201,5,9,9,3,2,3,3,7,12,0,10,0,0,0,6,12,20,40,10,20,30
202,1,13,11,5,2,3,2,9,12,0,0,5,5,0,13,4,20,20,15,15,20
202,2,13,10,5,2,3,2,8,10,0,0,0,0,0,7,7,35,5,60,0,0
202,3,13,13,5,3,4,3,8,7,0,5,0,0,5,16,7,15,15,40,10,10
202,4,13,14,6,2,4,2,4,8,0,0,0,5,na,17,8,10,15,15,20,25
202,5,13,17,5,1,2,2,6,6,20,5,0,0,5,14,5,15,25,30,15,0
203,1,5,9,5,1,2,1,2,10,15,0,na,na,na,12,6,25,30,20,25,20
203,2,5,8,5,1,2,2,2,10,0,5,na,na,na,5,12,10,40,30,5,20
203,3,5,8,5,1,3,1,5,10,15,0,0,10,10,10,8,20,20,30,40,10
203,4,5,10,5,1,3,3,10,10,0,0,0,0,0,8,6,20,30,25,10,20
203,5,5,9,4,1,2,1,3,6,0,0,0,na,na,6,8,10,20,10,10,10
204,1,6,7,3,4,1,2,2,8,0,0,0,0,0,17,6,20,25,30,40,20
204,2,6,7,4,4,2,2,2,8,0,0,na,na,na,29,14,30,40,10,30,10
204,3,6,11,8,4,3,5,11,12,0,0,0,0,0,17,6,0,5,20,20,0
204,4,6,7,5,3,2,1,0,na,na,na,na,na,na,28,8,20,30,0,40,30
204,5,6,8,5,4,2,2,11,14,0,0,5,5,10,23,8,10,10,40,40,40
205,1,16,10,6,4,4,3,5,12,0,0,10,0,5,11,9,20,15,20,20,15
205,2,16,8,6,2,3,2,5,16,0,0,0,0,0,9,12,10,10,30,30,30
205,3,16,11,8,3,4,4,10,10,0,0,0,0,0,10,12,30,35,30,15,40
205,4,16,8,3,3,3,4,5,6,0,0,0,0,0,13,12,10,20,25,10,20
205,5,16,11,6,3,4,5,9,16,0,0,0,0,0,18,10,30,30,20,20,15
206,1,8,10,5,3,3,1,4,9,0,0,0,5,na,27,14,0,0,0,45,25
206,2,8,12,5,2,3,2,8,9,0,10,0,5,0,12,6,10,15,20,10,15
206,3,8,5,4,2,3,2,7,5,5,10,20,5,10,10,9,20,10,5,30,30
206,4,8,7,4,2,3,2,8,8,20,0,5,5,10,26,4,5,0,20,30,15
206,5,8,8,5,2,2,1,8,3,10,0,10,20,15,23,5,15,20,25,25,20
207,1,10,10,5,2,3,2,6,9,0,0,0,5,0,16,4,0,0,30,25,5
207,2,10,10,5,3,3,2,12,10,15,0,5,0,0,16,5,5,35,15,0,20
207,3,10,9,4,3,3,3,9,9,0,5,0,5,0,17,6,0,10,0,10,25
207,4,10,10,4,3,3,2,0,na,na,na,na,na,na,31,9,0,0,20,5,0
207,5,10,10,4,2,3,2,10,7,0,0,0,0,0,14,4,15,10,10,0,5
208,1,15,9,5,2,4,3,7,8,5,5,30,0,10,11,6,15,0,10,0,35
208,2,15,10,7,1,4,2,4,6,5,0,5,0,na,14,6,15,15,10,10,25
208,3,15,8,6,2,3,3,9,8,5,10,0,10,5,14,8,25,20,15,0,20
208,4,15,10,5,2,2,2,9,7,0,10,0,15,5,14,7,5,25,15,35,15
208,5,15,9,4,1,4,2,10,13,5,0,0,0,5,8,8,5,0,15,15,0
209,1,19,10,4,2,3,2,13,7,5,0,10,0,10,15,6,25,40,5,0,5
209,2,19,16,8,4,3,2,10,8,20,0,0,15,5,14,9,0,0,10,25,15
209,3,19,10,5,3,2,1,10,5,5,0,5,10,5,16,6,20,20,15,25,10
209,4,19,13,6,2,3,2,3,6,0,25,20,na,na,20,5,20,15,10,10,0
209,5,19,11,4,2,3,3,6,8,0,5,10,10,0,15,8,15,5,10,20,40
210,1,20,9,5,2,3,2,0,na,na,na,na,na,na,19,7,5,0,10,20,15
210,2,20,10,4,3,3,2,0,na,na,na,na,na,na,25,8,10,5,0,15,20
210,3,20,10,5,3,3,2,14,11,0,15,10,0,0,13,4,5,20,10,15,5
210,4,20,10,5,3,3,2,0,na,na,na,na,na,na,34,9,15,0,5,5,0
210,5,20,10,5,2,3,2,11,5,0,0,0,0,0,13,7,10,10,10,25,15
211,1,4,10,5,3,4,4,3,8,0,0,0,na,na,16,10,10,10,10,30,20
211,2,4,11,4,3,4,4,4,10,0,5,0,0,na,22,12,10,10,20,10,20
211,3,4,8,5,2,3,3,4,4,0,0,0,0,na,12,8,15,20,10,10,10
211,4,4,9,4,3,3,3,4,6,0,10,10,5,na,14,8,20,20,30,30,30
211,5,4,13,8,3,2,3,7,10,0,5,0,5,0,15,7,10,10,20,25,20
212,1,1,10,4,2,2,1,3,8,0,10,5,na,na,15,8,60,60,50,20,10
212,2,1,9,6,4,3,4,7,8,10,10,5,5,0,23,18,20,15,50,30,30
212,3,1,12,8,4,3,3,1,12,0,na,na,na,na,21,12,10,10,20,10,15
212,4,1,15,10,4,3,3,4,14,30,30,30,25,na,22,10,50,50,30,10,40
212,5,1,10,6,4,4,5,3,8,0,5,5,na,na,26,20,20,30,10,30,30
213,1,2,8,4,3,2,1,1,6,0,na,na,na,na,18,8,20,20,15,20,10
213,2,2,14,8,4,3,2,5,10,0,0,0,0,0,18,12,15,30,10,20,30
213,3,2,14,5,3,3,2,5,9,0,0,10,5,0,14,6,30,20,20,10,20
213,4,2,8,4,3,1,1,3,12,0,0,0,na,na,15,7,50,50,40,40,20
213,5,2,15,8,2,1,1,1,2,10,na,na,na,na,17,8,10,15,20,30,25
214,1,3,11,8,2,3,3,3,18,0,0,0,na,na,16,16,20,20,25,20,10
214,2,3,9,5,2,3,3,1,10,0,na,na,na,na,13,9,5,40,30,10,5
214,3,3,11,4,2,3,3,4,7,0,0,0,0,na,10,8,10,20,20,30,20
214,4,3,12,5,2,3,3,5,13,0,0,10,0,5,10,8,35,35,50,30,45
214,5,3,9,4,3,3,3,2,16,5,10,na,na,na,13,8,10,5,5,20,15
215,1,17,9,4,2,2,2,4,4,0,0,0,0,na,6,6,20,20,15,10,15
215,2,17,10,7,1,2,2,4,8,0,0,0,0,na,7,7,40,20,0,50,5
215,3,17,10,7,2,2,2,12,8,0,0,0,5,0,5,3,0,20,20,15,15
215,4,17,11,4,2,2,2,5,6,0,0,0,0,0,8,9,10,10,20,5,15
215,5,17,12,7,2,3,2,6,6,0,0,0,0,0,9,4,10,20,20,30,5
216,1,14,9,7,3,3,3,1,5,0,na,na,na,na,15,9,20,20,20,20,10
216,2,14,8,7,1,3,2,5,8,0,0,0,0,0,9,8,5,10,20,20,10
216,3,14,10,5,2,3,3,5,14,0,0,0,0,0,15,6,10,20,20,20,20
216,4,14,11,5,3,3,3,9,11,0,0,0,0,0,12,8,10,30,20,30,25
216,5,14,12,4,3,3,3,5,12,5,0,0,0,0,13,14,20,20,20,15,10
217,1,12,9,4,3,4,4,7,10,0,5,0,5,0,11,8,20,30,20,20,30
217,2,12,9,7,3,3,3,7,12,0,0,0,0,0,10,10,10,20,0,5,20
217,3,12,7,3,3,1,1,9,5,0,0,0,0,0,15,4,20,10,20,20,20
217,4,12,8,5,2,3,1,3,8,10,0,0,na,na,12,8,15,30,0,5,10
217,5,12,11,9,2,3,3,12,12,0,0,0,0,0,12,8,10,20,15,10,5
218,1,7,6,5,3,3,3,2,12,0,0,na,na,na,18,6,20,30,20,30,10
218,2,7,9,5,2,3,2,4,6,10,0,0,0,na,13,5,0,10,5,30,35
218,3,7,13,7,3,3,2,7,9,5,5,0,0,0,13,4,60,50,50,50,50
218,4,7,12,7,4,2,3,4,5,0,0,0,0,na,12,8,20,20,10,20,10
218,5,7,7,3,1,2,2,3,12,0,0,10,na,na,11,4,10,5,10,30,10
219,1,18,10,8,4,3,4,8,8,10,10,0,0,0,23,8,0,10,0,20,10
219,2,18,10,5,4,2,2,5,4,0,0,0,0,0,23,7,30,20,20,10,0
219,3,18,11,7,4,3,3,6,14,0,0,0,0,0,28,6,10,20,10,20,20
219,4,18,10,4,4,3,3,3,8,0,0,0,0,0,23,6,10,20,5,5,25
219,5,18,6,3,4,2,3,2,6,0,0,0,0,0,27,8,10,5,20,10,10
220,1,11,11,5,4,4,3,16,9,0,0,10,0,5,9,8,13,25,15,0,5
220,2,11,11,5,3,3,3,11,8,5,0,10,5,0,15,10,0,0,5,40,15
220,3,11,12,5,3,4,3,9,10,40,0,0,5,0,16,8,25,30,15,0,5
220,4,11,12,4,3,4,2,11,9,0,0,15,5,0,12,8,10,0,5,15,0
220,5,11,11,5,3,4,2,7,8,10,5,20,5,0,12,10,0,10,25,10,20
301,1,20,10,6,2,2,2,1,3,5,na,na,na,na,27,6,0,0,5,5,20
301,2,20,10,6,3,2,2,0,na,na,na,na,na,na,28,8,5,5,10,10,10
301,3,20,12,8,3,2,2,12,7,5,5,0,0,5,24,8,30,5,5,10,5
301,4,20,7,6,4,3,3,0,na,na,na,na,na,na,35,6,30,35,40,45,40
301,5,20,12,10,2,3,2,4,11,20,25,20,15,na,11,6,35,30,40,45,30
302,1,16,8,6,1,2,1,4,8,0,0,na,na,na,7,8,30,30,35,35,40
302,2,16,10,7,4,4,3,17,12,15,10,10,15,10,8,9,45,45,40,40,15
302,3,16,7,5,2,3,3,1,7,20,na,na,na,na,17,10,20,30,35,45,30
302,4,16,9,6,2,3,3,5,8,5,5,10,10,5,20,7,15,30,35,20,20
302,5,16,11,6,2,3,4,11,8,10,5,5,10,5,9,9,15,55,45,40,45
303,1,14,na,na,na,na,na,na,na,na,na,na,na,na,na,na,na,na,na,na,na
303,2,14,na,na,na,na,na,na,na,na,na,na,na,na,na,na,na,na,na,na,na
303,3,14,na,na,na,na,na,na,na,na,na,na,na,na,na,na,na,na,na,na,na
303,4,14,na,na,na,na,na,na,na,na,na,na,na,na,na,na,na,na,na,na,na
303,5,14,na,na,na,na,na,na,na,na,na,na,na,na,na,na,na,na,na,na,na
304,1,8,13,7,2,3,2,4,8,40,40,15,15,na,17,8,45,45,40,45,30
304,2,8,7,6,1,1,1,8,6,30,35,40,30,35,15,12,5,10,10,10,15
304,3,8,9,6,3,2,2,11,5,0,20,5,10,20,19,11,30,35,40,25,30
304,4,8,11,8,2,3,2,4,3,0,0,0,na,na,19,6,50,40,40,35,30
304,5,8,13,6,3,2,1,4,6,0,15,15,5,na,16,7,15,15,30,30,25
305,1,17,10,8,3,3,3,5,8,0,0,0,5,0,30,9,5,5,10,10,15
305,2,17,9,7,3,3,3,6,6,0,0,5,5,10,13,6,5,5,30,10,20
305,3,17,11,10,2,3,1,0,na,na,na,na,na,na,15,8,5,5,10,15,15
305,4,17,10,9,3,3,2,0,na,na,na,na,na,na,22,6,10,10,15,25,30
305,5,17,10,8,3,3,2,10,8,5,5,10,10,15,15,6,10,20,20,25,30
306,1,13,5,3,2,2,1,1,8,0,na,na,na,na,28,7,0,10,30,25,35
306,2,13,7,2,2,2,1,0,na,na,na,na,na,na,16,12,0,0,10,30,35
306,3,13,10,9,2,3,1,3,6,0,0,5,na,na,12,5,10,30,25,30,40
306,4,13,12,10,3,3,2,6,8,0,0,10,10,10,11,8,5,5,10,10,15
306,5,13,12,8,2,2,1,0,na,na,na,na,na,na,18,7,10,15,20,30,20
307,1,3,10,8,3,3,3,5,8,0,0,0,5,0,14,12,10,10,20,20,25
307,2,3,10,8,3,2,2,0,na,na,na,na,na,na,21,9,10,10,15,15,20
307,3,3,10,8,1,3,1,0,na,na,na,na,na,na,15,10,0,15,15,20,25
307,4,3,10,7,1,2,1,2,10,20,15,na,na,na,15,6,10,20,10,20,25
307,5,3,10,9,2,2,1,5,7,0,0,5,10,5,20,10,10,20,25,30,35
308,1,12,8,5,3,3,2,0,na,na,na,na,na,na,25,8,10,10,15,20,25
308,2,12,10,6,2,3,2,0,na,na,na,na,na,na,25,7,10,20,25,30,35
308,3,12,5,3,1,2,1,6,7,0,0,5,10,0,16,5,30,30,35,20,25
308,4,12,9,3,3,3,2,0,na,na,na,na,na,na,22,6,20,25,40,45,30
308,5,12,10,5,3,3,1,7,7,0,0,10,10,5,15,8,20,30,25,20,25
309,1,4,11,8,2,3,3,0,na,na,na,na,na,na,16,7,20,25,30,20,30
309,2,4,10,8,3,3,8,0,na,na,na,na,na,na,32,10,5,5,10,15,30
309,3,4,12,4,3,3,3,1,7,0,na,na,na,na,22,8,25,20,30,40,45
309,4,4,11,3,1,3,1,0,na,na,na,na,na,na,25,5,40,20,35,40,30
309,5,4,8,6,2,4,3,0,na,na,na,na,na,na,21,6,20,20,25,30,30
310,1,1,10,5,3,1,1,1,8,0,na,na,na,na,27,8,10,15,20,30,40
310,2,1,4,3,1,1,1,0,na,na,na,na,na,na,22,8,10,10,20,35,40
310,3,1,12,5,3,3,2,0,na,na,na,na,na,na,32,10,10,10,15,25,30
310,4,1,10,8,3,1,1,1,6,0,na,na,na,na,20,8,10,10,20,25,20
310,5,1,8,4,2,3,2,0,na,na,na,na,na,na,17,10,20,30,25,45,20
311,1,9,9,6,3,3,2,3,4,0,0,0,na,na,20,7,0,0,0,5,5
311,2,9,9,6,3,3,2,3,9,30,30,25,na,na,11,8,30,20,20,25,15
311,3,9,9,6,2,2,2,0,na,na,na,na,na,na,23,11,20,20,25,25,20
311,4,9,11,7,1,3,2,1,4,15,na,na,na,na,17,12,0,0,5,5,5
311,5,9,7,6,1,3,3,2,9,0,0,na,na,na,17,9,30,20,25,35,15
312,1,15,13,7,1,3,1,2,7,0,0,na,na,na,15,8,0,20,30,25,20
312,2,15,6,4,2,1,1,0,na,na,na,na,na,na,22,8,0,5,10,15,15
312,3,15,9,6,2,3,2,0,na,na,na,na,na,na,25,6,20,20,25,30,30
312,4,15,9,4,1,3,1,0,na,na,na,na,na,na,18,8,10,15,30,50,30
312,5,15,5,4,1,2,1,0,na,na,na,na,na,na,23,6,15,15,30,20,20
313,1,10,11,3,3,3,3,0,na,na,na,na,na,na,35,5,5,10,10,10,15
313,2,10,10,3,2,3,2,0,na,na,na,na,na,na,22,5,0,20,30,35,40
313,3,10,8,4,3,3,2,0,na,na,na,na,na,na,32,8,10,15,30,30,25
313,4,10,8,3,3,2,2,0,na,na,na,na,na,na,38,10,5,20,15,40,30
313,5,10,8,3,2,2,1,0,na,na,na,na,na,na,28,7,10,10,15,35,40
314,1,11,8,6,3,2,2,5,12,0,0,5,5,5,9,7,10,10,15,5,10
314,2,11,9,6,3,3,3,7,13,5,5,0,0,5,11,9,35,30,35,45,40
314,3,11,3,12,7,3,3,3,10,15,5,5,10,0,5,14,20,30,35,25,20
314,4,11,11,7,2,2,1,8,10,10,10,5,5,0,12,8,50,55,40,45,50
314,5,11,12,6,3,2,3,4,10,0,0,0,5,5,11,7,45,45,50,50,55
315,1,7,6,4,1,1,1,4,5,0,0,0,5,na,7,9,25,25,15,15,10
315,2,7,5,4,2,2,1,0,na,na,na,na,na,na,13,7,15,15,10,10,10
315,3,7,8,5,3,2,2,5,13,20,20,15,15,10,10,12,40,30,45,45,50
315,4,7,7,4,1,1,1,6,17,0,0,5,5,5,9,6,40,45,30,55,40
315,5,7,9,6,3,1,1,2,18,0,0,na,na,na,21,11,30,35,35,30,na
316,1,2,14,5,4,2,2,0,na,na,na,na,na,na,28,17,40,35,0,0,40
316,2,2,11,6,4,3,3,7,15,5,5,10,10,0,17,4,10,30,35,10,10
316,3,2,11,6,3,2,1,11,8,10,10,5,5,10,17,8,20,20,25,25,20
316,4,2,7,4,2,1,1,5,6,10,10,5,15,5,12,7,30,30,35,35,25
316,5,2,10,6,3,2,1,9,8,30,30,35,35,40,11,7,40,40,45,30,50
317,1,18,11,6,1,1,2,2,4,0,0,na,na,na,8,7,35,30,40,45,20
317,2,18,8,6,3,2,2,0,na,na,na,na,na,na,29,6,50,60,40,45,50
317,3,18,12,8,4,3,4,20,11,25,20,30,35,20,17,9,30,30,35,20,25
317,4,18,10,4,3,2,2,19,13,15,10,15,0,10,24,9,0,5,20,25,30
317,5,18,7,4,3,2,2,0,na,na,na,na,na,na,20,5,50,55,60,45,30
318,1,19,10,5,4,2,2,10,12,10,15,10,15,5,12,7,30,35,20,25,35
318,2,19,11,6,2,2,1,7,5,15,15,5,10,5,14,7,25,30,25,30,15
318,3,19,11,6,2,2,2,13,14,0,5,5,15,15,15,10,40,30,45,30,25
318,4,19,14,8,3,3,2,9,12,15,5,5,10,10,11,8,10,15,20,15,10
318,5,19,12,6,3,2,2,9,9,5,5,0,0,10,15,13,15,15,10,25,20
319,1,6,8,6,2,1,1,18,11,15,15,10,10,5,9,8,15,15,35,35,40
319,2,6,10,5,4,2,3,0,na,na,na,na,na,na,32,11,0,0,10,10,15
319,3,6,10,4,3,1,1,6,8,5,5,10,10,15,21,11,20,25,15,15,35
319,4,6,13,8,3,2,2,10,11,10,10,15,15,20,12,6,20,20,20,20,25
319,5,6,9,6,3,2,3,0,na,na,na,na,na,na,24,11,10,10,15,15,10
320,1,5,10,6,1,2,1,3,2,0,0,5,na,na,11,4,0,10,15,20,25
320,2,5,8,6,1,3,1,2,5,0,5,na,na,na,7,8,10,10,15,15,20
320,3,5,10,6,1,3,3,15,6,5,5,15,10,5,8,8,50,60,55,60,45
320,4,5,11,6,1,1,1,11,5,0,0,5,5,5,17,12,15,15,20,20,10
320,5,5,11,6,1,1,1,5,11,0,0,5,5,na,7,5,0,65,65,60,50
401,1,1,7,4,1,4,2,4,2,20,20,10,10,na,15,4,20,25,20,25,30
401,2,1,6,4,1,5,4,0,na,na,na,na,na,na,24,9,20,30,35,30,20
401,3,1,7,4,2,1,2,11,7,0,0,0,5,5,13,6,5,5,10,10,15
401,4,1,9,5,3,4,3,1,3,0,na,na,na,na,22,10,40,40,45,45,35
401,5,1,6,4,2,2,3,0,na,na,na,na,na,na,19,7,10,10,15,15,20
402,1,18,9,8,4,3,3,1,5,0,na,na,na,na,28,18,40,45,30,35,50
402,2,18,12,6,4,3,3,0,na,na,na,na,na,na,32,12,10,10,20,20,15
402,3,18,14,7,4,3,3,0,na,na,na,na,na,na,37,14,20,25,30,35,40
402,4,18,12,7,4,3,3,13,17,5,5,5,0,0,18,13,25,25,35,35,30
402,5,18,12,9,4,4,4,0,na,na,na,na,na,na,38,22,20,20,25,25,35
403,1,11,16,10,4,4,3,12,19,5,5,0,0,5,27,11,30,35,40,40,30
403,2,11,12,7,3,3,4,13,10,0,0,5,5,5,16,18,5,5,0,0,20
403,3,11,10,7,3,3,3,0,na,na,na,na,na,na,26,18,0,0,5,5,5
403,4,11,13,10,4,4,16,11,0,0,5,5,5,0,17,6,10,10,10,5,5
403,5,11,12,5,4,3,3,9,7,20,10,10,5,20,23,15,40,45,30,35,40
404,1,9,13,9,3,3,3,2,4,0,0,na,na,na,20,4,40,35,25,30,35
404,2,9,9,7,3,3,3,4,5,0,0,0,5,5,23,4,20,20,25,25,10
404,3,9,10,6,3,3,3,15,14,20,25,20,25,15,13,10,0,5,5,10,10
404,4,9,10,5,3,3,3,12,6,0,0,0,5,5,13,10,15,15,10,10,20
404,5,9,14,9,3,3,4,11,4,15,15,10,10,5,9,12,40,45,50,55,35
405,1,16,9,8,3,3,3,5,5,0,0,5,5,10,18,10,20,20,25,25,30
405,2,16,8,3,2,2,2,0,na,na,na,na,na,na,21,7,0,0,10,15,20
405,3,16,6,5,1,3,2,0,na,na,na,na,na,na,18,8,10,10,15,30,35
405,4,16,10,8,3,3,3,0,na,na,na,na,na,na,22,8,20,25,30,35,40
405,5,16,8,7,3,3,3,0,na,na,na,na,na,na,20,10,5,5,10,0,15
406,1,19,10,8,3,2,2,4,10,0,5,5,10,na,18,7,10,15,15,35,30
406,2,19,6,3,2,2,2,0,na,na,na,na,na,na,16,8,10,10,30,30,25
406,3,19,7,5,2,2,1,0,na,na,na,na,na,na,21,8,5,15,15,20,25
406,4,19,8,7,2,1,1,0,na,na,na,na,na,na,22,9,5,5,20,25,30
406,5,19,10,4,3,2,1,8,9,0,0,0,5,5,14,6,20,25,30,30,35
407,1,7,11,10,4,3,3,8,10,5,5,10,10,15,25,10,20,20,25,30,30
407,2,7,7,5,3,1,1,0,na,na,na,na,na,na,29,9,20,30,15,45,30
407,3,7,8,7,4,3,3,6,12,0,5,5,10,10,19,8,10,20,30,25,30
407,4,7,5,3,3,3,2,0,na,na,na,na,na,na,22,10,0,5,10,15,10
407,5,7,6,5,3,3,2,0,na,na,na,na,na,na,23,10,5,5,20,20,25
408,1,4,12,10,4,4,3,2,10,0,0,na,na,na,23,7,5,15,20,25,20
408,2,4,12,10,3,3,3,3,6,0,5,0,na,na,20,15,5,10,15,20,20
408,3,4,11,9,3,2,1,3,5,0,0,10,na,na,14,6,10,15,20,30,25
408,4,4,12,10,3,3,2,3,8,5,10,5,na,na,19,9,30,35,40,10,20
408,5,4,10,9,3,3,2,0,na,na,na,na,na,na,23,10,10,15,20,25,30
409,1,3,10,9,3,3,2,2,8,0,0,na,na,na,11,5,35,40,50,55,40
409,2,3,5,4,2,2,1,6,5,0,0,0,5,5,12,4,25,25,30,35,35
409,3,3,9,9,3,3,2,4,7,0,0,5,5,na,16,5,10,20,25,30,40
409,4,3,8,7,3,2,3,5,8,0,0,0,5,5,15,6,10,15,20,25,30
409,5,3,10,5,2,3,2,0,na,na,na,na,na,na,13,5,15,20,10,20,25
410,1,2,8,7,2,1,1,0,na,na,na,na,na,na,20,10,10,15,20,25,30
410,2,2,5,4,3,1,1,0,na,na,na,na,na,na,23,12,10,30,25,40,35
410,3,2,10,9,3,1,1,0,na,na,na,na,na,na,25,9,20,25,30,35,40
410,4,2,10,8,3,2,1,8,6,0,0,10,10,5,21,8,10,15,20,35,40
410,5,2,9,7,7,2,3,8,5,0,0,5,5,5,10,8,10,10,15,20,25
411,1,17,13,8,3,3,3,12,9,0,0,5,5,10,8,7,25,20,20,25,30
411,2,17,11,7,1,3,2,0,na,na,na,na,na,na,15,13,10,5,15,35,30
411,3,17,13,6,3,3,4,0,na,na,na,na,na,na,28,11,10,10,20,20,25
411,4,17,12,7,1,1,1,6,4,0,0,5,5,10,6,9,10,15,15,20,25
411,5,17,8,7,2,3,3,13,10,5,5,0,0,10,6,5,5,5,10,10,5
412,1,8,7,4,3,3,3,8,6,0,0,5,5,5,14,16,0,10,10,15,15
412,2,8,8,5,4,3,4,0,na,na,na,na,na,na,36,12,60,65,50,55,70
412,3,8,11,9,3,3,4,5,9,0,0,5,5,5,6,5,20,20,25,25,30
412,4,8,16,11,4,3,4,1,8,0,na,na,na,na,22,18,0,0,0,40,40
412,5,8,13,10,4,3,4,12,16,0,0,5,5,0,14,4,20,25,20,25,30
413,1,12,9,7,3,2,2,10,13,0,0,0,0,5,14,4,50,55,30,35,25
413,2,12,10,7,3,1,1,9,12,0,0,5,5,0,8,10,10,20,25,30,40
413,3,12,10,5,3,2,3,7,16,0,0,5,5,5,10,4,20,30,40,35,40
413,4,12,5,4,1,2,1,7,3,5,5,5,10,10,13,7,40,40,45,45,40
413,5,12,8,6,3,4,3,2,5,0,0,na,na,na,37,11,0,0,30,30,40
414,1,6,8,4,4,2,1,5,3,0,0,5,5,5,21,6,5,5,0,0,10
414,2,6,7,5,3,2,1,2,3,0,0,na,na,na,30,5,5,5,30,30,40
414,3,6,10,6,4,2,2,15,9,5,5,10,10,10,10,8,40,45,50,55,30
414,4,6,13,6,4,2,2,9,11,0,0,25,10,25,20,6,50,55,35,50,30
414,5,6,10,6,4,2,2,14,15,0,5,5,5,0,13,11,10,10,5,5,5
415,1,15,8,6,3,3,3,0,na,na,na,na,na,na,21,8,10,10,15,20,25
415,2,15,7,5,1,3,1,0,na,na,na,na,na,na,17,10,10,15,20,25,20
415,3,15,9,4,2,3,2,0,na,na,na,na,na,na,15,8,10,10,15,30,25
415,4,15,9,6,1,3,1,0,na,na,na,na,na,na,19,7,0,5,10,20,20
415,5,15,10,8,3,3,3,0,na,na,na,na,na,na,26,8,10,5,5,15,20
416,1,5,6,5,3,3,2,9,10,0,0,5,5,10,16,8,0,30,35,40,50
416,2,5,5,4,1,3,2,1,2,0,na,na,na,na,18,7,10,10,20,30,35
416,3,5,7,5,1,3,1,3,7,0,0,0,na,na,9,6,30,30,35,40,45
416,4,5,4,3,1,3,2,0,na,na,na,na,na,na,24,8,20,20,25,30,35
416,5,5,5,4,1,2,1,0,na,na,na,na,na,na,32,6,20,25,30,30,25
417,1,20,9,6,3,3,3,6,10,0,0,0,5,5,15,10,5,10,5,5,20
417,2,20,13,10,3,3,1,0,na,na,na,na,na,na,26,10,0,5,5,10,20
417,3,20,10,9,3,3,2,0,na,na,na,na,na,na,35,12,10,10,20,25,30
417,4,20,11,9,3,3,3,2,5,0,0,na,na,na,22,8,10,10,30,30,35
417,5,20,8,6,2,3,2,0,na,na,na,na,na,na,21,9,0,5,5,15,15
418,1,10,5,3,3,3,3,0,na,na,na,na,na,na,21,8,10,10,20,25,35
418,2,10,5,4,2,1,1,0,na,na,na,na,na,na,20,10,25,30,30,35,40
418,3,10,11,10,3,3,3,5,9,0,0,5,5,0,18,7,10,15,15,25,20
418,4,10,8,7,1,2,1,0,na,na,na,na,na,na,24,8,0,0,5,5,25
418,5,10,10,9,1,1,1,0,na,na,na,na,na,na,15,7,10,25,25,30,25
419,1,13,9,7,1,3,1,0,na,na,na,na,na,na,21,9,20,20,25,10,15
419,2,13,11,8,1,1,1,5,6,0,0,0,0,0,15,4,10,10,15,20,25
419,3,13,5,3,1,1,1,1,5,0,na,na,na,na,10,5,20,25,50,55,50
419,4,13,6,3,1,1,1,0,na,na,na,na,na,na,15,6,5,5,10,15,35
419,5,13,9,3,1,3,1,5,5,0,0,5,0,0,15,9,10,10,15,20,5
420,1,14,10,6,3,3,3,0,na,na,na,na,na,na,15,7,0,5,10,25,30
420,2,14,7,6,3,2,2,0,na,na,na,na,na,na,18,8,10,15,20,25,25
420,3,14,10,9,3,3,3,3,6,0,0,0,na,na,22,8,10,15,40,45,50
420,4,14,8,4,1,2,1,6,9,0,0,5,5,5,10,5,0,45,50,45,20
420,5,14,11,10,3,2,3,0,na,na,na,na,na,na,14,6,10,15,15,20,25
